อายุ,ราคา,เพศ,โอกาสสำคัญ,ความสัมพันธ์,คลาสของขวัญ
11,21,31,413,54,เสื้อผ้าเด็ก
11,21,31,413,53,เสื้อผ้าเด็ก
11,21,31,401,54,เสื้อผ้าเด็ก
11,21,31,401,53,เสื้อผ้าเด็ก
11,21,31,412,54,เสื้อผ้าเด็ก
11,21,31,412,53,เสื้อผ้าเด็ก
12,21,31,413,54,เสื้อผ้าเด็ก
12,21,31,413,53,เสื้อผ้าเด็ก
12,21,31,401,54,เสื้อผ้าเด็ก
12,21,31,401,53,เสื้อผ้าเด็ก
12,21,31,412,54,เสื้อผ้าเด็ก
12,21,31,412,53,เสื้อผ้าเด็ก
12,21,34,413,54,เสื้อผ้าเด็ก
12,21,34,413,53,เสื้อผ้าเด็ก
12,21,34,401,54,เสื้อผ้าเด็ก
12,21,34,401,53,เสื้อผ้าเด็ก
12,21,34,412,54,เสื้อผ้าเด็ก
12,21,34,412,53,เสื้อผ้าเด็ก
11,21,32,413,54,เสื้อผ้าเด็ก
11,21,32,413,53,เสื้อผ้าเด็ก
11,21,32,401,54,เสื้อผ้าเด็ก
11,21,32,401,53,เสื้อผ้าเด็ก
11,21,32,412,54,เสื้อผ้าเด็ก
11,21,32,412,53,เสื้อผ้าเด็ก
12,21,32,413,54,เสื้อผ้าเด็ก
12,21,32,413,53,เสื้อผ้าเด็ก
12,21,32,401,54,เสื้อผ้าเด็ก
12,21,32,401,53,เสื้อผ้าเด็ก
12,21,32,412,54,เสื้อผ้าเด็ก
12,21,32,412,53,เสื้อผ้าเด็ก
12,21,33,413,54,เสื้อผ้าเด็ก
12,21,33,413,53,เสื้อผ้าเด็ก
12,21,33,401,54,เสื้อผ้าเด็ก
12,21,33,401,53,เสื้อผ้าเด็ก
12,21,33,412,54,เสื้อผ้าเด็ก
12,21,33,412,53,เสื้อผ้าเด็ก
11,22,31,413,56,ของเล่นเด็ก
11,22,31,413,54,ของเล่นเด็ก
11,22,31,413,53,ของเล่นเด็ก
11,22,31,413,58,ของเล่นเด็ก
11,22,31,401,56,ของเล่นเด็ก
11,22,31,401,54,ของเล่นเด็ก
11,22,31,401,53,ของเล่นเด็ก
11,22,31,401,58,ของเล่นเด็ก
11,22,32,413,56,ของเล่นเด็ก
11,22,32,413,54,ของเล่นเด็ก
11,22,32,413,53,ของเล่นเด็ก
11,22,32,413,58,ของเล่นเด็ก
11,22,32,401,56,ของเล่นเด็ก
11,22,32,401,54,ของเล่นเด็ก
11,22,32,401,53,ของเล่นเด็ก
11,22,32,401,58,ของเล่นเด็ก
12,22,31,413,56,ของเล่นเด็ก
12,22,31,413,54,ของเล่นเด็ก
12,22,31,413,53,ของเล่นเด็ก
12,22,31,413,58,ของเล่นเด็ก
12,22,31,401,56,ของเล่นเด็ก
12,22,31,401,54,ของเล่นเด็ก
12,22,31,401,53,ของเล่นเด็ก
12,22,31,401,58,ของเล่นเด็ก
12,22,34,413,56,ของเล่นเด็ก
12,22,34,413,54,ของเล่นเด็ก
12,22,34,413,53,ของเล่นเด็ก
12,22,34,413,58,ของเล่นเด็ก
12,22,34,401,56,ของเล่นเด็ก
12,22,34,401,54,ของเล่นเด็ก
12,22,34,401,53,ของเล่นเด็ก
12,22,34,401,58,ของเล่นเด็ก
12,22,32,413,56,ของเล่นเด็ก
12,22,32,413,54,ของเล่นเด็ก
12,22,32,413,53,ของเล่นเด็ก
12,22,32,413,58,ของเล่นเด็ก
12,22,32,401,56,ของเล่นเด็ก
12,22,32,401,54,ของเล่นเด็ก
12,22,32,401,53,ของเล่นเด็ก
12,22,32,401,58,ของเล่นเด็ก
12,22,33,413,56,ของเล่นเด็ก
12,22,33,413,54,ของเล่นเด็ก
12,22,33,413,53,ของเล่นเด็ก
12,22,33,413,58,ของเล่นเด็ก
12,22,33,401,56,ของเล่นเด็ก
12,22,33,401,54,ของเล่นเด็ก
12,22,33,401,53,ของเล่นเด็ก
12,22,33,401,58,ของเล่นเด็ก
13,23,31,401,53,เสื้อผ้าแฟชั่นชายวัยรุ่น
13,23,31,401,51,เสื้อผ้าแฟชั่นชายวัยรุ่น
13,23,31,401,54,เสื้อผ้าแฟชั่นชายวัยรุ่น
13,23,31,401,52,เสื้อผ้าแฟชั่นชายวัยรุ่น
13,23,31,413,53,เสื้อผ้าแฟชั่นชายวัยรุ่น
13,23,31,413,51,เสื้อผ้าแฟชั่นชายวัยรุ่น
13,23,31,413,54,เสื้อผ้าแฟชั่นชายวัยรุ่น
13,23,31,413,52,เสื้อผ้าแฟชั่นชายวัยรุ่น
13,23,31,402,54,เสื้อผ้าแฟชั่นชายวัยรุ่น
13,23,31,402,53,เสื้อผ้าแฟชั่นชายวัยรุ่น
13,23,31,402,51,เสื้อผ้าแฟชั่นชายวัยรุ่น
13,23,31,402,54,เสื้อผ้าแฟชั่นชายวัยรุ่น
13,23,31,402,52,เสื้อผ้าแฟชั่นชายวัยรุ่น
13,24,34,401,53,เสื้อผ้าแฟชั่นชายวัยรุ่น
13,24,34,401,51,เสื้อผ้าแฟชั่นชายวัยรุ่น
13,24,34,401,54,เสื้อผ้าแฟชั่นชายวัยรุ่น
13,24,34,401,52,เสื้อผ้าแฟชั่นชายวัยรุ่น
13,24,34,413,54,เสื้อผ้าแฟชั่นชายวัยรุ่น
13,24,34,413,53,เสื้อผ้าแฟชั่นชายวัยรุ่น
13,24,34,413,51,เสื้อผ้าแฟชั่นชายวัยรุ่น
13,23,34,413,52,เสื้อผ้าแฟชั่นชายวัยรุ่น
13,23,34,402,54,เสื้อผ้าแฟชั่นชายวัยรุ่น
13,23,34,402,53,เสื้อผ้าแฟชั่นชายวัยรุ่น
13,23,34,402,51,เสื้อผ้าแฟชั่นชายวัยรุ่น
13,23,34,402,54,เสื้อผ้าแฟชั่นชายวัยรุ่น
13,23,32,401,53,เสื้อผ้าแฟชั่นหญิงวัยรุ่น
13,23,32,401,51,เสื้อผ้าแฟชั่นหญิงวัยรุ่น
13,23,32,401,54,เสื้อผ้าแฟชั่นหญิงวัยรุ่น
13,23,32,401,52,เสื้อผ้าแฟชั่นหญิงวัยรุ่น
13,23,32,413,54,เสื้อผ้าแฟชั่นหญิงวัยรุ่น
13,23,32,413,53,เสื้อผ้าแฟชั่นหญิงวัยรุ่น
13,23,32,413,51,เสื้อผ้าแฟชั่นหญิงวัยรุ่น
13,23,32,413,54,เสื้อผ้าแฟชั่นหญิงวัยรุ่น
13,23,32,413,52,เสื้อผ้าแฟชั่นหญิงวัยรุ่น
13,23,32,402,54,เสื้อผ้าแฟชั่นหญิงวัยรุ่น
13,23,32,402,53,เสื้อผ้าแฟชั่นหญิงวัยรุ่น
13,23,32,402,54,เสื้อผ้าแฟชั่นหญิงวัยรุ่น
13,23,32,406,52,เสื้อผ้าแฟชั่นหญิงวัยรุ่น
13,24,33,401,53,เสื้อผ้าแฟชั่นหญิงวัยรุ่น
13,24,33,401,51,เสื้อผ้าแฟชั่นหญิงวัยรุ่น
13,24,33,401,54,เสื้อผ้าแฟชั่นหญิงวัยรุ่น
13,24,33,401,52,เสื้อผ้าแฟชั่นหญิงวัยรุ่น
13,24,33,413,54,เสื้อผ้าแฟชั่นหญิงวัยรุ่น
13,24,33,413,53,เสื้อผ้าแฟชั่นหญิงวัยรุ่น
13,24,33,413,51,เสื้อผ้าแฟชั่นหญิงวัยรุ่น
13,24,33,413,54,เสื้อผ้าแฟชั่นหญิงวัยรุ่น
13,24,33,413,52,เสื้อผ้าแฟชั่นหญิงวัยรุ่น
13,24,33,402,54,เสื้อผ้าแฟชั่นหญิงวัยรุ่น
13,24,33,402,53,เสื้อผ้าแฟชั่นหญิงวัยรุ่น
13,24,33,402,51,เสื้อผ้าแฟชั่นหญิงวัยรุ่น
13,24,33,402,54,เสื้อผ้าแฟชั่นหญิงวัยรุ่น
13,23,32,401,53,รองเท้าวัยรุ่น
13,23,32,401,51,รองเท้าวัยรุ่น
13,23,32,401,54,รองเท้าวัยรุ่น
13,23,32,401,52,รองเท้าวัยรุ่น
13,23,32,413,54,รองเท้าวัยรุ่น
13,23,32,413,53,รองเท้าวัยรุ่น
13,23,32,413,51,รองเท้าวัยรุ่น
13,23,32,413,54,รองเท้าวัยรุ่น
13,23,32,413,52,รองเท้าวัยรุ่น
13,23,32,402,54,รองเท้าวัยรุ่น
13,23,32,402,53,รองเท้าวัยรุ่น
13,23,32,402,54,รองเท้าวัยรุ่น
13,23,32,406,52,รองเท้าวัยรุ่น
13,23,33,401,53,รองเท้าวัยรุ่น
13,23,33,401,51,รองเท้าวัยรุ่น
13,23,33,401,54,รองเท้าวัยรุ่น
13,23,33,401,52,รองเท้าวัยรุ่น
13,23,33,413,54,รองเท้าวัยรุ่น
13,23,33,413,53,รองเท้าวัยรุ่น
13,23,33,413,51,รองเท้าวัยรุ่น
13,23,33,413,54,รองเท้าวัยรุ่น
13,23,33,413,52,รองเท้าวัยรุ่น
13,23,33,402,54,รองเท้าวัยรุ่น
13,23,33,402,53,รองเท้าวัยรุ่น
13,23,33,402,51,รองเท้าวัยรุ่น
13,23,33,402,54,รองเท้าวัยรุ่น
13,23,33,406,52,รองเท้าวัยรุ่น
13,23,31,401,53,รองเท้าวัยรุ่น
13,23,31,401,51,รองเท้าวัยรุ่น
13,23,31,401,54,รองเท้าวัยรุ่น
13,23,31,401,52,รองเท้าวัยรุ่น
13,23,31,413,54,รองเท้าวัยรุ่น
13,23,31,413,53,รองเท้าวัยรุ่น
13,23,31,413,51,รองเท้าวัยรุ่น
13,23,31,413,54,รองเท้าวัยรุ่น
13,23,31,413,52,รองเท้าวัยรุ่น
13,23,31,402,54,รองเท้าวัยรุ่น
13,23,31,402,53,รองเท้าวัยรุ่น
13,23,31,402,54,รองเท้าวัยรุ่น
13,23,31,406,52,รองเท้าวัยรุ่น
13,29,31,401,53,เครื่องประดับชาย
13,29,31,401,51,เครื่องประดับชาย
13,29,31,401,54,เครื่องประดับชาย
13,29,31,401,52,เครื่องประดับชาย
13,29,31,413,54,เครื่องประดับชาย
13,29,31,413,53,เครื่องประดับชาย
13,29,31,413,51,เครื่องประดับชาย
13,29,31,413,54,เครื่องประดับชาย
13,29,31,413,52,เครื่องประดับชาย
13,29,31,402,54,เครื่องประดับชาย
13,29,31,402,53,เครื่องประดับชาย
13,29,31,402,51,เครื่องประดับชาย
13,29,31,402,54,เครื่องประดับชาย
14,29,31,401,53,เครื่องประดับชาย
14,29,31,401,51,เครื่องประดับชาย
14,29,31,401,54,เครื่องประดับชาย
14,29,31,401,52,เครื่องประดับชาย
14,29,31,413,54,เครื่องประดับชาย
14,29,31,413,53,เครื่องประดับชาย
14,29,31,413,51,เครื่องประดับชาย
14,29,31,413,54,เครื่องประดับชาย
14,29,31,413,52,เครื่องประดับชาย
14,29,31,402,54,เครื่องประดับชาย
14,29,31,402,53,เครื่องประดับชาย
14,29,31,402,51,เครื่องประดับชาย
14,29,31,402,54,เครื่องประดับชาย
14,29,34,413,56,ของเล่นเด็ก
14,29,34,413,54,ของเล่นเด็ก
14,29,34,413,53,ของเล่นเด็ก
14,29,34,413,58,ของเล่นเด็ก
14,29,34,401,56,ของเล่นเด็ก
14,29,34,401,54,ของเล่นเด็ก
14,29,34,401,53,ของเล่นเด็ก
14,29,34,401,58,ของเล่นเด็ก
13,29,32,401,53,เครื่องประดับหญิง
13,29,32,401,51,เครื่องประดับหญิง
13,29,32,401,54,เครื่องประดับหญิง
13,29,32,401,52,เครื่องประดับหญิง
13,29,32,413,54,เครื่องประดับหญิง
13,29,32,413,53,เครื่องประดับหญิง
13,29,32,413,51,เครื่องประดับหญิง
13,29,32,413,54,เครื่องประดับหญิง
13,29,32,413,52,เครื่องประดับหญิง
13,29,32,402,54,เครื่องประดับหญิง
13,29,32,402,53,เครื่องประดับหญิง
13,29,32,402,51,เครื่องประดับหญิง
13,29,32,402,54,เครื่องประดับหญิง
14,29,32,401,53,เครื่องประดับหญิง
14,29,32,401,51,เครื่องประดับหญิง
14,29,32,401,54,เครื่องประดับหญิง
14,29,32,401,52,เครื่องประดับหญิง
14,29,32,413,54,เครื่องประดับหญิง
14,29,32,413,53,เครื่องประดับหญิง
14,29,32,413,51,เครื่องประดับหญิง
14,29,32,413,54,เครื่องประดับหญิง
14,29,32,413,52,เครื่องประดับหญิง
14,29,32,402,54,เครื่องประดับหญิง
14,29,32,402,53,เครื่องประดับหญิง
14,29,32,402,51,เครื่องประดับหญิง
14,29,33,401,53,เครื่องประดับหญิง
14,29,33,401,51,เครื่องประดับหญิง
14,29,33,401,54,เครื่องประดับหญิง
14,29,33,401,52,เครื่องประดับหญิง
14,29,33,413,54,เครื่องประดับหญิง
14,29,33,413,53,เครื่องประดับหญิง
14,29,33,413,51,เครื่องประดับหญิง
14,29,33,413,54,เครื่องประดับหญิง
14,29,33,413,52,เครื่องประดับหญิง
14,29,33,402,54,เครื่องประดับหญิง
14,29,33,402,53,เครื่องประดับหญิง
14,29,33,402,51,เครื่องประดับหญิง
13,27,31,401,53,กระเป๋าชาย
13,27,31,401,51,กระเป๋าชาย
13,27,31,401,54,กระเป๋าชาย
13,27,31,401,52,กระเป๋าชาย
13,27,31,413,54,กระเป๋าชาย
13,27,31,413,53,กระเป๋าชาย
13,27,31,413,51,กระเป๋าชาย
13,27,31,413,54,กระเป๋าชาย
13,27,31,413,52,กระเป๋าชาย
13,27,31,406,52,กระเป๋าชาย
13,27,34,401,53,กระเป๋าชาย
13,27,34,401,51,กระเป๋าชาย
13,27,34,401,54,กระเป๋าชาย
13,27,34,401,52,กระเป๋าชาย
13,27,34,413,54,กระเป๋าชาย
13,27,34,413,53,กระเป๋าชาย
13,27,34,413,51,กระเป๋าชาย
13,27,34,413,54,กระเป๋าชาย
13,27,34,413,52,กระเป๋าชาย
13,27,34,406,52,กระเป๋าชาย
14,27,31,401,53,กระเป๋าชาย
14,27,31,401,51,กระเป๋าชาย
14,27,31,401,54,กระเป๋าชาย
14,27,31,401,52,กระเป๋าชาย
14,27,31,413,54,กระเป๋าชาย
14,27,31,413,53,กระเป๋าชาย
14,27,31,413,51,กระเป๋าชาย
14,27,31,413,54,กระเป๋าชาย
14,27,31,413,52,กระเป๋าชาย
14,27,31,403,53,กระเป๋าชาย
14,27,31,407,53,กระเป๋าชาย
14,27,31,407,54,กระเป๋าชาย
14,27,31,407,52,กระเป๋าชาย
14,27,31,406,52,กระเป๋าชาย
14,27,31,409,53,กระเป๋าชาย
14,27,34,401,53,กระเป๋าชาย
14,27,34,401,51,กระเป๋าชาย
14,27,34,401,54,กระเป๋าชาย
14,27,34,401,52,กระเป๋าชาย
14,27,34,413,54,กระเป๋าชาย
14,27,34,413,53,กระเป๋าชาย
14,27,34,413,51,กระเป๋าชาย
14,27,34,413,54,กระเป๋าชาย
14,27,34,413,52,กระเป๋าชาย
14,27,34,403,53,กระเป๋าชาย
14,27,34,407,53,กระเป๋าชาย
14,27,34,407,54,กระเป๋าชาย
14,27,34,407,52,กระเป๋าชาย
14,27,34,406,52,กระเป๋าชาย
14,27,34,409,53,กระเป๋าชาย
15,27,31,402,51,กระเป๋าชาย
15,27,31,401,53,กระเป๋าชาย
15,27,31,401,51,กระเป๋าชาย
15,27,31,401,54,กระเป๋าชาย
15,27,31,401,52,กระเป๋าชาย
15,27,31,413,54,กระเป๋าชาย
15,27,31,413,53,กระเป๋าชาย
15,27,31,413,51,กระเป๋าชาย
15,27,31,413,54,กระเป๋าชาย
15,27,31,413,52,กระเป๋าชาย
15,27,31,403,53,กระเป๋าชาย
15,27,31,407,53,กระเป๋าชาย
15,27,31,407,54,กระเป๋าชาย
15,27,31,407,52,กระเป๋าชาย
15,27,31,406,52,กระเป๋าชาย
15,27,31,409,53,กระเป๋าชาย
15,27,31,402,51,กระเป๋าชาย
15,27,34,402,51,กระเป๋าชาย
15,27,34,401,53,กระเป๋าชาย
15,27,34,401,51,กระเป๋าชาย
15,27,34,401,54,กระเป๋าชาย
15,27,34,401,52,กระเป๋าชาย
15,27,34,413,54,กระเป๋าชาย
15,27,34,413,53,กระเป๋าชาย
15,27,34,413,51,กระเป๋าชาย
15,27,34,413,54,กระเป๋าชาย
15,27,34,413,52,กระเป๋าชาย
15,27,34,403,53,กระเป๋าชาย
15,27,34,407,53,กระเป๋าชาย
15,27,34,407,54,กระเป๋าชาย
15,27,34,407,52,กระเป๋าชาย
15,27,34,406,52,กระเป๋าชาย
15,27,34,409,53,กระเป๋าชาย
15,27,34,402,51,กระเป๋าชาย
14,27,32,401,53,กระเป๋าหญิง
14,27,32,401,51,กระเป๋าหญิง
14,27,32,401,54,กระเป๋าหญิง
14,27,32,401,52,กระเป๋าหญิง
14,27,32,413,54,กระเป๋าหญิง
14,27,32,413,53,กระเป๋าหญิง
14,27,32,413,51,กระเป๋าหญิง
14,27,32,413,54,กระเป๋าหญิง
14,27,32,413,52,กระเป๋าหญิง
14,27,32,404,53,กระเป๋าหญิง
14,27,32,407,53,กระเป๋าหญิง
14,27,32,407,54,กระเป๋าหญิง
14,27,32,407,52,กระเป๋าหญิง
14,27,32,406,52,กระเป๋าหญิง
14,27,32,409,53,กระเป๋าหญิง
14,27,33,401,53,กระเป๋าหญิง
14,27,33,401,51,กระเป๋าหญิง
14,27,33,401,54,กระเป๋าหญิง
14,27,33,401,52,กระเป๋าหญิง
14,27,33,413,54,กระเป๋าหญิง
14,27,33,413,53,กระเป๋าหญิง
14,27,33,413,51,กระเป๋าหญิง
14,27,33,413,54,กระเป๋าหญิง
14,27,33,413,52,กระเป๋าหญิง
14,27,33,403,53,กระเป๋าหญิง
14,27,33,407,53,กระเป๋าหญิง
14,27,33,407,54,กระเป๋าหญิง
14,27,33,407,52,กระเป๋าหญิง
14,27,33,409,53,กระเป๋าหญิง
14,27,33,406,52,กระเป๋าหญิง
15,27,33,402,51,กระเป๋าหญิง
15,27,33,401,53,กระเป๋าหญิง
15,27,33,401,51,กระเป๋าหญิง
15,27,33,401,54,กระเป๋าหญิง
15,27,33,401,52,กระเป๋าหญิง
15,27,33,413,54,กระเป๋าหญิง
15,27,33,413,53,กระเป๋าหญิง
15,27,33,413,51,กระเป๋าหญิง
15,27,33,413,54,กระเป๋าหญิง
15,27,33,413,52,กระเป๋าหญิง
15,27,33,404,53,กระเป๋าหญิง
15,27,33,407,53,กระเป๋าหญิง
15,27,33,407,54,กระเป๋าหญิง
15,27,33,407,52,กระเป๋าหญิง
15,27,33,406,52,กระเป๋าหญิง
15,27,33,409,53,กระเป๋าหญิง
14,25,32,406,52,น้ำหอมหญิง
14,25,32,401,53,น้ำหอมหญิง
14,25,32,401,51,น้ำหอมหญิง
14,25,32,401,54,น้ำหอมหญิง
14,25,32,401,52,น้ำหอมหญิง
14,25,32,413,54,น้ำหอมหญิง
14,25,32,413,53,น้ำหอมหญิง
14,25,32,413,51,น้ำหอมหญิง
14,25,32,413,54,น้ำหอมหญิง
14,25,32,413,52,น้ำหอมหญิง
14,25,32,411,52,น้ำหอมหญิง
14,25,32,408,52,น้ำหอมหญิง
14,25,33,406,52,น้ำหอมหญิง
14,25,33,401,53,น้ำหอมหญิง
14,25,33,401,51,น้ำหอมหญิง
14,25,33,401,54,น้ำหอมหญิง
14,25,33,401,52,น้ำหอมหญิง
14,25,33,413,54,น้ำหอมหญิง
14,25,33,413,53,น้ำหอมหญิง
14,25,33,413,51,น้ำหอมหญิง
14,25,33,413,54,น้ำหอมหญิง
14,25,33,413,52,น้ำหอมหญิง
14,25,31,406,52,น้ำหอมชาย
14,25,31,401,53,น้ำหอมชาย
14,25,31,401,51,น้ำหอมชาย
14,25,31,401,54,น้ำหอมชาย
14,25,31,401,52,น้ำหอมชาย
14,25,31,413,54,น้ำหอมชาย
14,25,31,413,53,น้ำหอมชาย
14,25,31,413,51,น้ำหอมชาย
14,25,31,413,54,น้ำหอมชาย
14,25,31,413,52,น้ำหอมชาย
14,25,34,406,52,น้ำหอมชาย
14,25,34,401,53,น้ำหอมชาย
14,25,34,401,51,น้ำหอมชาย
14,25,34,401,54,น้ำหอมชาย
14,25,34,401,52,น้ำหอมชาย
14,25,34,413,54,น้ำหอมชาย
14,25,34,413,53,น้ำหอมชาย
14,25,34,413,51,น้ำหอมชาย
14,25,34,413,54,น้ำหอมชาย
14,25,34,413,52,น้ำหอมชาย
13,25,32,401,53,เครื่องสำอาง
13,25,32,401,51,เครื่องสำอาง
13,25,32,401,54,เครื่องสำอาง
13,25,32,401,52,เครื่องสำอาง
13,25,32,413,54,เครื่องสำอาง
13,25,32,413,53,เครื่องสำอาง
13,25,32,413,51,เครื่องสำอาง
13,25,32,413,54,เครื่องสำอาง
13,25,32,413,52,เครื่องสำอาง
13,25,32,406,52,เครื่องสำอาง
14,26,32,401,53,เครื่องสำอาง
14,26,32,401,51,เครื่องสำอาง
14,26,32,401,54,เครื่องสำอาง
14,26,32,401,52,เครื่องสำอาง
14,26,32,413,54,เครื่องสำอาง
14,26,32,413,53,เครื่องสำอาง
14,26,32,413,51,เครื่องสำอาง
14,26,32,413,54,เครื่องสำอาง
14,26,32,413,52,เครื่องสำอาง
14,26,32,406,52,เครื่องสำอาง
14,26,32,411,52,เครื่องสำอาง
13,25,33,401,53,เครื่องสำอาง
13,25,33,401,51,เครื่องสำอาง
13,25,33,401,54,เครื่องสำอาง
13,25,33,401,52,เครื่องสำอาง
13,25,33,413,54,เครื่องสำอาง
13,25,33,413,53,เครื่องสำอาง
13,25,33,413,51,เครื่องสำอาง
13,25,33,413,54,เครื่องสำอาง
13,25,33,413,52,เครื่องสำอาง
13,25,33,406,52,เครื่องสำอาง
14,26,33,401,53,เครื่องสำอาง
14,26,33,401,51,เครื่องสำอาง
14,26,33,401,54,เครื่องสำอาง
14,26,33,401,52,เครื่องสำอาง
14,26,33,413,54,เครื่องสำอาง
14,26,33,413,53,เครื่องสำอาง
14,26,33,413,51,เครื่องสำอาง
14,26,33,413,54,เครื่องสำอาง
14,26,33,413,52,เครื่องสำอาง
14,26,33,406,52,เครื่องสำอาง
14,26,33,411,52,เครื่องสำอาง
16,23,31,401,53,อาหารเสริมเพื่อสุขภาพ
16,23,31,401,54,อาหารเสริมเพื่อสุขภาพ
16,23,31,413,53,อาหารเสริมเพื่อสุขภาพ
16,23,31,413,54,อาหารเสริมเพื่อสุขภาพ
16,23,31,410,53,อาหารเสริมเพื่อสุขภาพ
16,23,31,410,54,อาหารเสริมเพื่อสุขภาพ
16,23,31,403,53,อาหารเสริมเพื่อสุขภาพ
16,23,34,401,53,อาหารเสริมเพื่อสุขภาพ
16,23,34,401,54,อาหารเสริมเพื่อสุขภาพ
16,23,34,413,53,อาหารเสริมเพื่อสุขภาพ
16,23,34,413,54,อาหารเสริมเพื่อสุขภาพ
16,23,34,410,53,อาหารเสริมเพื่อสุขภาพ
16,23,34,410,54,อาหารเสริมเพื่อสุขภาพ
16,23,34,403,53,อาหารเสริมเพื่อสุขภาพ
16,23,32,401,53,อาหารเสริมเพื่อสุขภาพ
16,23,32,401,54,อาหารเสริมเพื่อสุขภาพ
16,23,32,413,53,อาหารเสริมเพื่อสุขภาพ
16,23,32,413,54,อาหารเสริมเพื่อสุขภาพ
16,23,32,410,53,อาหารเสริมเพื่อสุขภาพ
16,23,32,410,54,อาหารเสริมเพื่อสุขภาพ
16,23,32,404,53,อาหารเสริมเพื่อสุขภาพ
15,23,31,401,53,อาหารเสริมเพื่อสุขภาพ
15,23,31,401,54,อาหารเสริมเพื่อสุขภาพ
15,23,31,413,53,อาหารเสริมเพื่อสุขภาพ
15,23,31,413,54,อาหารเสริมเพื่อสุขภาพ
15,23,31,410,53,อาหารเสริมเพื่อสุขภาพ
15,23,31,410,54,อาหารเสริมเพื่อสุขภาพ
15,23,31,403,53,อาหารเสริมเพื่อสุขภาพ
15,23,34,401,53,อาหารเสริมเพื่อสุขภาพ
15,23,34,401,54,อาหารเสริมเพื่อสุขภาพ
15,23,34,413,53,อาหารเสริมเพื่อสุขภาพ
15,23,34,413,54,อาหารเสริมเพื่อสุขภาพ
15,23,34,410,53,อาหารเสริมเพื่อสุขภาพ
15,23,34,410,54,อาหารเสริมเพื่อสุขภาพ
15,23,34,403,53,อาหารเสริมเพื่อสุขภาพ
15,23,32,401,53,อาหารเสริมเพื่อสุขภาพ
15,23,32,401,54,อาหารเสริมเพื่อสุขภาพ
15,23,32,413,53,อาหารเสริมเพื่อสุขภาพ
15,23,32,413,54,อาหารเสริมเพื่อสุขภาพ
15,23,32,410,53,อาหารเสริมเพื่อสุขภาพ
15,23,32,410,54,อาหารเสริมเพื่อสุขภาพ
15,23,32,404,53,อาหารเสริมเพื่อสุขภาพ
15,28,31,401,53,คอมพิวเตอร์และแล็ปทอป
15,28,31,401,51,คอมพิวเตอร์และแล็ปทอป
15,28,31,401,54,คอมพิวเตอร์และแล็ปทอป
15,28,31,401,52,คอมพิวเตอร์และแล็ปทอป
15,28,31,413,54,คอมพิวเตอร์และแล็ปทอป
15,28,31,413,53,คอมพิวเตอร์และแล็ปทอป
15,28,31,413,51,คอมพิวเตอร์และแล็ปทอป
15,28,31,413,54,คอมพิวเตอร์และแล็ปทอป
15,28,31,413,52,คอมพิวเตอร์และแล็ปทอป
15,28,32,401,53,คอมพิวเตอร์และแล็ปทอป
15,28,32,401,51,คอมพิวเตอร์และแล็ปทอป
15,28,32,401,54,คอมพิวเตอร์และแล็ปทอป
15,28,32,401,52,คอมพิวเตอร์และแล็ปทอป
15,28,32,413,53,คอมพิวเตอร์และแล็ปทอป
15,28,32,413,53,คอมพิวเตอร์และแล็ปทอป
15,28,32,413,51,คอมพิวเตอร์และแล็ปทอป
15,28,32,413,54,คอมพิวเตอร์และแล็ปทอป
15,28,32,413,52,คอมพิวเตอร์และแล็ปทอป
15,28,33,401,53,คอมพิวเตอร์และแล็ปทอป
15,28,33,401,51,คอมพิวเตอร์และแล็ปทอป
15,28,33,401,54,คอมพิวเตอร์และแล็ปทอป
15,28,33,401,52,คอมพิวเตอร์และแล็ปทอป
15,28,33,413,54,คอมพิวเตอร์และแล็ปทอป
15,28,33,413,53,คอมพิวเตอร์และแล็ปทอป
15,28,33,413,51,คอมพิวเตอร์และแล็ปทอป
15,28,33,413,54,คอมพิวเตอร์และแล็ปทอป
15,28,33,413,52,คอมพิวเตอร์และแล็ปทอป
13,24,31,401,53,เครื่องใช้ไฟฟ้าภายในบ้าน
13,24,31,401,54,เครื่องใช้ไฟฟ้าภายในบ้าน
13,25,31,413,53,เครื่องใช้ไฟฟ้าภายในบ้าน
13,25,31,413,54,เครื่องใช้ไฟฟ้าภายในบ้าน
14,26,31,401,53,เครื่องใช้ไฟฟ้าภายในบ้าน
14,26,31,413,54,เครื่องใช้ไฟฟ้าภายในบ้าน
14,24,31,413,53,เครื่องใช้ไฟฟ้าภายในบ้าน
14,24,31,413,54,เครื่องใช้ไฟฟ้าภายในบ้าน
15,25,31,401,53,เครื่องใช้ไฟฟ้าภายในบ้าน
15,25,31,413,54,เครื่องใช้ไฟฟ้าภายในบ้าน
15,26,31,401,53,เครื่องใช้ไฟฟ้าภายในบ้าน
13,24,34,401,53,เครื่องใช้ไฟฟ้าภายในบ้าน
13,24,34,401,54,เครื่องใช้ไฟฟ้าภายในบ้าน
13,25,34,413,53,เครื่องใช้ไฟฟ้าภายในบ้าน
13,25,34,413,54,เครื่องใช้ไฟฟ้าภายในบ้าน
14,26,34,401,53,เครื่องใช้ไฟฟ้าภายในบ้าน
14,26,34,413,54,เครื่องใช้ไฟฟ้าภายในบ้าน
14,24,34,413,53,เครื่องใช้ไฟฟ้าภายในบ้าน
14,24,34,413,54,เครื่องใช้ไฟฟ้าภายในบ้าน
15,25,34,401,53,เครื่องใช้ไฟฟ้าภายในบ้าน
15,25,34,413,54,เครื่องใช้ไฟฟ้าภายในบ้าน
15,26,34,401,53,เครื่องใช้ไฟฟ้าภายในบ้าน
13,26,32,413,53,เครื่องใช้ไฟฟ้าภายในบ้าน
13,24,32,413,54,เครื่องใช้ไฟฟ้าภายในบ้าน
14,24,32,401,53,เครื่องใช้ไฟฟ้าภายในบ้าน
14,25,32,413,54,เครื่องใช้ไฟฟ้าภายในบ้าน
15,25,32,401,53,เครื่องใช้ไฟฟ้าภายในบ้าน
15,26,32,413,54,เครื่องใช้ไฟฟ้าภายในบ้าน
13,26,33,401,53,เครื่องใช้ไฟฟ้าภายในบ้าน
13,24,33,413,54,เครื่องใช้ไฟฟ้าภายในบ้าน
14,24,33,401,53,เครื่องใช้ไฟฟ้าภายในบ้าน
14,25,33,413,54,เครื่องใช้ไฟฟ้าภายในบ้าน
15,25,33,401,53,เครื่องใช้ไฟฟ้าภายในบ้าน
15,26,33,413,54,เครื่องใช้ไฟฟ้าภายในบ้าน
13,23,32,401,53,อาหารเสริมเพื่อความงาม
13,23,32,401,54,อาหารเสริมเพื่อความงาม
13,23,32,401,51,อาหารเสริมเพื่อความงาม
13,23,32,401,52,อาหารเสริมเพื่อความงาม
13,23,32,413,53,อาหารเสริมเพื่อความงาม
13,24,32,413,54,อาหารเสริมเพื่อความงาม
13,24,32,413,51,อาหารเสริมเพื่อความงาม
13,24,32,413,52,อาหารเสริมเพื่อความงาม
13,24,32,406,52,อาหารเสริมเพื่อความงาม
14,23,32,401,53,อาหารเสริมเพื่อความงาม
14,23,32,401,54,อาหารเสริมเพื่อความงาม
14,23,32,401,51,อาหารเสริมเพื่อความงาม
14,23,32,401,52,อาหารเสริมเพื่อความงาม
14,23,32,413,53,อาหารเสริมเพื่อความงาม
14,24,32,413,54,อาหารเสริมเพื่อความงาม
14,24,32,413,51,อาหารเสริมเพื่อความงาม
14,24,32,413,52,อาหารเสริมเพื่อความงาม
14,24,32,406,52,อาหารเสริมเพื่อความงาม
14,23,32,411,52,อาหารเสริมเพื่อความงาม
15,23,32,401,53,อาหารเสริมเพื่อความงาม
15,23,32,401,54,อาหารเสริมเพื่อความงาม
15,23,32,401,51,อาหารเสริมเพื่อความงาม
15,23,32,401,52,อาหารเสริมเพื่อความงาม
15,24,32,413,53,อาหารเสริมเพื่อความงาม
15,24,32,413,54,อาหารเสริมเพื่อความงาม
15,24,32,413,51,อาหารเสริมเพื่อความงาม
15,24,32,413,52,อาหารเสริมเพื่อความงาม
15,24,32,406,52,อาหารเสริมเพื่อความงาม
15,24,32,411,52,อาหารเสริมเพื่อความงาม
15,24,32,408,52,อาหารเสริมเพื่อความงาม
13,23,33,401,53,อาหารเสริมเพื่อความงาม
13,23,33,401,54,อาหารเสริมเพื่อความงาม
13,23,33,401,51,อาหารเสริมเพื่อความงาม
13,23,33,401,52,อาหารเสริมเพื่อความงาม
13,23,33,413,53,อาหารเสริมเพื่อความงาม
13,24,33,413,54,อาหารเสริมเพื่อความงาม
13,24,33,413,51,อาหารเสริมเพื่อความงาม
13,24,33,413,52,อาหารเสริมเพื่อความงาม
13,24,33,406,52,อาหารเสริมเพื่อความงาม
14,23,33,401,53,อาหารเสริมเพื่อความงาม
14,23,33,401,54,อาหารเสริมเพื่อความงาม
14,23,33,401,51,อาหารเสริมเพื่อความงาม
14,23,33,401,52,อาหารเสริมเพื่อความงาม
14,23,33,413,53,อาหารเสริมเพื่อความงาม
14,24,33,413,54,อาหารเสริมเพื่อความงาม
14,24,33,413,51,อาหารเสริมเพื่อความงาม
14,24,33,413,52,อาหารเสริมเพื่อความงาม
14,24,33,406,52,อาหารเสริมเพื่อความงาม
14,23,33,411,52,อาหารเสริมเพื่อความงาม
15,23,33,401,53,อาหารเสริมเพื่อความงาม
15,23,33,401,54,อาหารเสริมเพื่อความงาม
15,23,33,401,51,อาหารเสริมเพื่อความงาม
15,23,33,401,52,อาหารเสริมเพื่อความงาม
15,24,33,413,53,อาหารเสริมเพื่อความงาม
15,24,33,413,54,อาหารเสริมเพื่อความงาม
15,24,33,413,51,อาหารเสริมเพื่อความงาม
15,24,33,413,52,อาหารเสริมเพื่อความงาม
15,24,33,406,52,อาหารเสริมเพื่อความงาม
15,24,33,411,52,อาหารเสริมเพื่อความงาม
15,24,33,408,52,อาหารเสริมเพื่อความงาม
11,23,31,401,53,อุปกรณ์เครื่องเขียน
11,23,31,401,54,อุปกรณ์เครื่องเขียน
11,23,31,401,57,อุปกรณ์เครื่องเขียน
11,23,31,413,53,อุปกรณ์เครื่องเขียน
11,23,31,413,54,อุปกรณ์เครื่องเขียน
11,23,31,412,53,อุปกรณ์เครื่องเขียน
11,23,31,412,54,อุปกรณ์เครื่องเขียน
11,23,31,412,57,อุปกรณ์เครื่องเขียน
12,23,31,401,53,อุปกรณ์เครื่องเขียน
12,23,31,401,54,อุปกรณ์เครื่องเขียน
12,23,31,401,57,อุปกรณ์เครื่องเขียน
12,23,31,413,53,อุปกรณ์เครื่องเขียน
12,23,31,413,54,อุปกรณ์เครื่องเขียน
12,23,31,412,53,อุปกรณ์เครื่องเขียน
12,23,31,412,54,อุปกรณ์เครื่องเขียน
12,23,31,412,57,อุปกรณ์เครื่องเขียน
11,23,31,401,53,อุปกรณ์เครื่องเขียน
11,23,31,401,54,อุปกรณ์เครื่องเขียน
11,23,31,401,57,อุปกรณ์เครื่องเขียน
11,23,31,413,53,อุปกรณ์เครื่องเขียน
11,23,31,413,54,อุปกรณ์เครื่องเขียน
11,23,31,412,53,อุปกรณ์เครื่องเขียน
11,23,31,412,54,อุปกรณ์เครื่องเขียน
11,23,31,412,57,อุปกรณ์เครื่องเขียน
12,23,31,401,53,อุปกรณ์เครื่องเขียน
12,23,31,401,54,อุปกรณ์เครื่องเขียน
12,23,31,401,57,อุปกรณ์เครื่องเขียน
12,23,31,413,53,อุปกรณ์เครื่องเขียน
12,23,31,413,54,อุปกรณ์เครื่องเขียน
12,23,31,412,53,อุปกรณ์เครื่องเขียน
12,23,31,412,54,อุปกรณ์เครื่องเขียน
12,23,31,412,57,อุปกรณ์เครื่องเขียน
11,23,34,401,53,อุปกรณ์เครื่องเขียน
11,23,34,401,54,อุปกรณ์เครื่องเขียน
11,23,34,401,57,อุปกรณ์เครื่องเขียน
11,23,34,413,53,อุปกรณ์เครื่องเขียน
11,23,34,413,54,อุปกรณ์เครื่องเขียน
11,23,34,412,53,อุปกรณ์เครื่องเขียน
11,23,34,412,54,อุปกรณ์เครื่องเขียน
11,23,34,412,57,อุปกรณ์เครื่องเขียน
12,23,34,401,53,อุปกรณ์เครื่องเขียน
12,23,34,401,54,อุปกรณ์เครื่องเขียน
12,23,34,401,57,อุปกรณ์เครื่องเขียน
12,23,34,413,53,อุปกรณ์เครื่องเขียน
12,23,34,413,54,อุปกรณ์เครื่องเขียน
12,23,34,412,53,อุปกรณ์เครื่องเขียน
12,23,34,412,54,อุปกรณ์เครื่องเขียน
12,23,34,412,57,อุปกรณ์เครื่องเขียน
11,23,32,401,53,อุปกรณ์เครื่องเขียน
11,23,32,401,54,อุปกรณ์เครื่องเขียน
11,23,32,401,57,อุปกรณ์เครื่องเขียน
11,23,32,413,53,อุปกรณ์เครื่องเขียน
11,23,32,413,54,อุปกรณ์เครื่องเขียน
11,23,32,412,53,อุปกรณ์เครื่องเขียน
11,23,32,412,54,อุปกรณ์เครื่องเขียน
11,23,32,412,57,อุปกรณ์เครื่องเขียน
12,23,32,401,53,อุปกรณ์เครื่องเขียน
12,23,32,401,54,อุปกรณ์เครื่องเขียน
12,23,32,401,57,อุปกรณ์เครื่องเขียน
12,23,32,413,53,อุปกรณ์เครื่องเขียน
12,23,32,413,54,อุปกรณ์เครื่องเขียน
12,23,32,412,53,อุปกรณ์เครื่องเขียน
12,23,32,412,54,อุปกรณ์เครื่องเขียน
12,23,32,412,57,อุปกรณ์เครื่องเขียน
12,23,33,401,53,อุปกรณ์เครื่องเขียน
12,23,33,401,54,อุปกรณ์เครื่องเขียน
12,23,33,401,57,อุปกรณ์เครื่องเขียน
12,23,33,413,53,อุปกรณ์เครื่องเขียน
12,23,33,413,54,อุปกรณ์เครื่องเขียน
12,23,33,412,53,อุปกรณ์เครื่องเขียน
12,23,33,412,54,อุปกรณ์เครื่องเขียน
12,23,33,412,57,อุปกรณ์เครื่องเขียน
13,29,35,401,51,กล้อง
13,29,35,401,53,กล้อง
13,29,35,401,54,กล้อง
13,29,35,401,52,กล้อง
13,29,35,413,51,กล้อง
13,29,35,413,53,กล้อง
13,29,35,413,54,กล้อง
13,29,35,413,52,กล้อง
13,29,35,412,54,กล้อง
13,29,35,412,51,กล้อง
13,29,35,412,53,กล้อง
13,29,35,412,52,กล้อง
13,29,35,406,52,กล้อง
14,29,35,401,51,กล้อง
14,29,35,401,53,กล้อง
14,29,35,401,54,กล้อง
14,29,35,401,52,กล้อง
14,29,35,413,51,กล้อง
14,29,35,413,53,กล้อง
14,29,35,413,54,กล้อง
14,29,35,413,52,กล้อง
14,29,35,412,54,กล้อง
14,29,35,412,51,กล้อง
14,29,35,412,53,กล้อง
14,29,35,412,52,กล้อง
14,29,35,406,52,กล้อง
14,29,35,407,54,กล้อง
14,29,35,407,51,กล้อง
14,29,35,407,53,กล้อง
14,29,35,407,52,กล้อง
14,29,35,402,51,กล้อง
14,29,35,409,51,กล้อง
14,29,35,409,53,กล้อง
14,29,35,409,54,กล้อง
14,29,35,409,52,กล้อง
14,29,35,405,51,กล้อง
14,29,35,408,51,กล้อง
14,29,35,408,53,กล้อง
14,29,35,408,54,กล้อง
15,29,35,401,51,กล้อง
15,29,35,401,53,กล้อง
15,29,35,401,54,กล้อง
15,29,35,401,52,กล้อง
15,29,35,413,51,กล้อง
15,29,35,413,53,กล้อง
15,29,35,413,54,กล้อง
15,29,35,413,52,กล้อง
15,29,35,412,54,กล้อง
15,29,35,412,51,กล้อง
15,29,35,412,53,กล้อง
15,29,35,412,52,กล้อง
15,29,35,406,52,กล้อง
15,29,35,407,54,กล้อง
15,29,35,407,51,กล้อง
15,29,35,407,53,กล้อง
15,29,35,407,52,กล้อง
15,29,35,402,51,กล้อง
15,29,35,409,51,กล้อง
15,29,35,409,53,กล้อง
15,29,35,409,54,กล้อง
15,29,35,409,52,กล้อง
15,29,35,405,51,กล้อง
15,29,35,408,51,กล้อง
15,29,35,408,53,กล้อง
15,29,35,408,54,กล้อง
