ความสัมพันธ์,เพศ,ช่วงวัย,เทศกาล/โอกาสสำคัญ,คลาสของขวัญ
เพื่อน/เพื่อนร่วมงาน,ชาย,วัยเด็กตอนปลาย ( 7 - 12 ปี ),ปีใหม่,น้ำหอม
เพื่อน/เพื่อนร่วมงาน,ชาย,วัยรุ่น ( 13 - 18 ปี ),ปีใหม่,น้ำหอม
เพื่อน/เพื่อนร่วมงาน,ชาย,ผู้ใหญ่ตอนต้น ( 19 - 35 ปี ),ปีใหม่,น้ำหอม
เพื่อน/เพื่อนร่วมงาน,ชาย,ผู้ใหญ่ตอนปลาย ( 36 - 60 ปี ),ปีใหม่,น้ำหอม
เพื่อน/เพื่อนร่วมงาน,หญิง,วัยเด็กตอนปลาย ( 7 - 12 ปี ),ปีใหม่,น้ำหอม
เพื่อน/เพื่อนร่วมงาน,หญิง,วัยรุ่น ( 13 - 18 ปี ),ปีใหม่,น้ำหอม
เพื่อน/เพื่อนร่วมงาน,หญิง,ผู้ใหญ่ตอนต้น ( 19 - 35 ปี ),ปีใหม่,น้ำหอม
เพื่อน/เพื่อนร่วมงาน,หญิง,ผู้ใหญ่ตอนปลาย ( 36 - 60 ปี ),ปีใหม่,น้ำหอม
เพื่อน/เพื่อนร่วมงาน,เกย์,วัยเด็กตอนปลาย ( 7 - 12 ปี ),ปีใหม่,น้ำหอม
เพื่อน/เพื่อนร่วมงาน,เกย์,วัยรุ่น ( 13 - 18 ปี ),ปีใหม่,น้ำหอม
เพื่อน/เพื่อนร่วมงาน,เกย์,ผู้ใหญ่ตอนต้น ( 19 - 35 ปี ),ปีใหม่,น้ำหอม
เพื่อน/เพื่อนร่วมงาน,เกย์,ผู้ใหญ่ตอนปลาย ( 36 - 60 ปี ),ปีใหม่,น้ำหอม
เพื่อน/เพื่อนร่วมงาน,กะเทย,วัยเด็กตอนปลาย ( 7 - 12 ปี ),ปีใหม่,น้ำหอม
เพื่อน/เพื่อนร่วมงาน,กะเทย,วัยรุ่น ( 13 - 18 ปี ),ปีใหม่,น้ำหอม
เพื่อน/เพื่อนร่วมงาน,กะเทย,ผู้ใหญ่ตอนต้น ( 19 - 35 ปี ),ปีใหม่,น้ำหอม
เพื่อน/เพื่อนร่วมงาน,กะเทย,ผู้ใหญ่ตอนปลาย ( 36 - 60 ปี ),ปีใหม่,น้ำหอม
เพื่อน/เพื่อนร่วมงาน,ชาย,ผู้ใหญ่ตอนต้น ( 19 - 35 ปี ),เลี้ยงรุ่น,น้ำหอม
เพื่อน/เพื่อนร่วมงาน,ชาย,ผู้ใหญ่ตอนปลาย ( 36 - 60 ปี ),เลี้ยงรุ่น,น้ำหอม
เพื่อน/เพื่อนร่วมงาน,หญิง,ผู้ใหญ่ตอนต้น ( 19 - 35 ปี ),เลี้ยงรุ่น,น้ำหอม
เพื่อน/เพื่อนร่วมงาน,หญิง,ผู้ใหญ่ตอนปลาย ( 36 - 60 ปี ),เลี้ยงรุ่น,น้ำหอม
เพื่อน/เพื่อนร่วมงาน,ชาย,ผู้ใหญ่ตอนต้น ( 19 - 35 ปี ),งานเลี้ยงบริษัท,น้ำหอม
เพื่อน/เพื่อนร่วมงาน,ชาย,ผู้ใหญ่ตอนปลาย ( 36 - 60 ปี ),งานเลี้ยงบริษัท,น้ำหอม
เพื่อน/เพื่อนร่วมงาน,หญิง,ผู้ใหญ่ตอนต้น ( 19 - 35 ปี ),งานเลี้ยงบริษัท,น้ำหอม
เพื่อน/เพื่อนร่วมงาน,หญิง,ผู้ใหญ่ตอนปลาย ( 36 - 60 ปี ),งานเลี้ยงบริษัท,น้ำหอม
เพื่อน/เพื่อนร่วมงาน,เกย์,ผู้ใหญ่ตอนต้น ( 19 - 35 ปี ),งานเลี้ยงบริษัท,น้ำหอม
เพื่อน/เพื่อนร่วมงาน,เกย์,ผู้ใหญ่ตอนปลาย ( 36 - 60 ปี ),งานเลี้ยงบริษัท,น้ำหอม
เพื่อน/เพื่อนร่วมงาน,กะเทย,ผู้ใหญ่ตอนต้น ( 19 - 35 ปี ),งานเลี้ยงบริษัท,น้ำหอม
เพื่อน/เพื่อนร่วมงาน,กะเทย,ผู้ใหญ่ตอนปลาย ( 36 - 60 ปี ),งานเลี้ยงบริษัท,น้ำหอม
เพื่อน/เพื่อนร่วมงาน,ชาย,ผู้ใหญ่ตอนต้น ( 19 - 35 ปี ),วันรับปริญญา,น้ำหอม
เพื่อน/เพื่อนร่วมงาน,หญิง,ผู้ใหญ่ตอนต้น ( 19 - 35 ปี ),วันรับปริญญา,น้ำหอม
เพื่อน/เพื่อนร่วมงาน,เกย์,ผู้ใหญ่ตอนต้น ( 19 - 35 ปี ),วันรับปริญญา,น้ำหอม
เพื่อน/เพื่อนร่วมงาน,กะเทย,ผู้ใหญ่ตอนต้น ( 19 - 35 ปี ),วันรับปริญญา,น้ำหอม
เพื่อน/เพื่อนร่วมงาน,ชาย,ผู้ใหญ่ตอนต้น ( 19 - 35 ปี ),วันแต่งงาน,น้ำหอม
เพื่อน/เพื่อนร่วมงาน,ชาย,ผู้ใหญ่ตอนปลาย ( 36 - 60 ปี ),วันแต่งงาน,น้ำหอม
เพื่อน/เพื่อนร่วมงาน,หญิง,ผู้ใหญ่ตอนต้น ( 19 - 35 ปี ),วันแต่งงาน,น้ำหอม
เพื่อน/เพื่อนร่วมงาน,หญิง,ผู้ใหญ่ตอนปลาย ( 36 - 60 ปี ),วันแต่งงาน,น้ำหอม
เพื่อน/เพื่อนร่วมงาน,เกย์,ผู้ใหญ่ตอนต้น ( 19 - 35 ปี ),วันแต่งงาน,น้ำหอม
เพื่อน/เพื่อนร่วมงาน,เกย์,ผู้ใหญ่ตอนปลาย ( 36 - 60 ปี ),วันแต่งงาน,น้ำหอม
เพื่อน/เพื่อนร่วมงาน,กะเทย,ผู้ใหญ่ตอนต้น ( 19 - 35 ปี ),วันแต่งงาน,น้ำหอม
เพื่อน/เพื่อนร่วมงาน,กะเทย,ผู้ใหญ่ตอนปลาย ( 36 - 60 ปี ),วันแต่งงาน,น้ำหอม
เพื่อน/เพื่อนร่วมงาน,ชาย,ผู้ใหญ่ตอนต้น ( 19 - 35 ปี ),วันรับตำแหน่งใหม่,น้ำหอม
เพื่อน/เพื่อนร่วมงาน,ชาย,ผู้ใหญ่ตอนปลาย ( 36 - 60 ปี ),วันรับตำแหน่งใหม่,น้ำหอม
เพื่อน/เพื่อนร่วมงาน,หญิง,ผู้ใหญ่ตอนต้น ( 19 - 35 ปี ),วันรับตำแหน่งใหม่,น้ำหอม
เพื่อน/เพื่อนร่วมงาน,หญิง,ผู้ใหญ่ตอนปลาย ( 36 - 60 ปี ),วันรับตำแหน่งใหม่,น้ำหอม
เพื่อน/เพื่อนร่วมงาน,เกย์,ผู้ใหญ่ตอนต้น ( 19 - 35 ปี ),วันรับตำแหน่งใหม่,น้ำหอม
เพื่อน/เพื่อนร่วมงาน,เกย์,ผู้ใหญ่ตอนปลาย ( 36 - 60 ปี ),วันรับตำแหน่งใหม่,น้ำหอม
เพื่อน/เพื่อนร่วมงาน,กะเทย,ผู้ใหญ่ตอนต้น ( 19 - 35 ปี ),วันรับตำแหน่งใหม่,น้ำหอม
เพื่อน/เพื่อนร่วมงาน,กะเทย,ผู้ใหญ่ตอนปลาย ( 36 - 60 ปี ),วันรับตำแหน่งใหม่,น้ำหอม
เพื่อน/เพื่อนร่วมงาน,ชาย,วัยเด็กตอนปลาย ( 7 - 12 ปี ),วันเกิด,น้ำหอม
เพื่อน/เพื่อนร่วมงาน,ชาย,วัยรุ่น ( 13 - 18 ปี ),วันเกิด,น้ำหอม
เพื่อน/เพื่อนร่วมงาน,ชาย,ผู้ใหญ่ตอนต้น ( 19 - 35 ปี ),วันเกิด,น้ำหอม
เพื่อน/เพื่อนร่วมงาน,ชาย,ผู้ใหญ่ตอนปลาย ( 36 - 60 ปี ),วันเกิด,น้ำหอม
เพื่อน/เพื่อนร่วมงาน,หญิง,วัยเด็กตอนปลาย ( 7 - 12 ปี ),วันเกิด,น้ำหอม
เพื่อน/เพื่อนร่วมงาน,หญิง,วัยรุ่น ( 13 - 18 ปี ),วันเกิด,น้ำหอม
เพื่อน/เพื่อนร่วมงาน,หญิง,ผู้ใหญ่ตอนต้น ( 19 - 35 ปี ),วันเกิด,น้ำหอม
เพื่อน/เพื่อนร่วมงาน,หญิง,ผู้ใหญ่ตอนปลาย ( 36 - 60 ปี ),วันเกิด,น้ำหอม
เพื่อน/เพื่อนร่วมงาน,เกย์,วัยเด็กตอนปลาย ( 7 - 12 ปี ),วันเกิด,น้ำหอม
เพื่อน/เพื่อนร่วมงาน,เกย์,วัยรุ่น ( 13 - 18 ปี ),วันเกิด,น้ำหอม
เพื่อน/เพื่อนร่วมงาน,เกย์,ผู้ใหญ่ตอนต้น ( 19 - 35 ปี ),วันเกิด,น้ำหอม
เพื่อน/เพื่อนร่วมงาน,เกย์,ผู้ใหญ่ตอนปลาย ( 36 - 60 ปี ),วันเกิด,น้ำหอม
เพื่อน/เพื่อนร่วมงาน,กะเทย,วัยเด็กตอนปลาย ( 7 - 12 ปี ),วันเกิด,น้ำหอม
เพื่อน/เพื่อนร่วมงาน,กะเทย,วัยรุ่น ( 13 - 18 ปี ),วันเกิด,น้ำหอม
เพื่อน/เพื่อนร่วมงาน,กะเทย,ผู้ใหญ่ตอนต้น ( 19 - 35 ปี ),วันเกิด,น้ำหอม
เพื่อน/เพื่อนร่วมงาน,กะเทย,ผู้ใหญ่ตอนปลาย ( 36 - 60 ปี ),วันเกิด,น้ำหอม
เพื่อน/เพื่อนร่วมงาน,ชาย,วัยเด็กตอนปลาย ( 7 - 12 ปี ),คริสมาสต์,น้ำหอม
เพื่อน/เพื่อนร่วมงาน,ชาย,วัยรุ่น ( 13 - 18 ปี ),คริสมาสต์,น้ำหอม
เพื่อน/เพื่อนร่วมงาน,ชาย,ผู้ใหญ่ตอนต้น ( 19 - 35 ปี ),คริสมาสต์,น้ำหอม
เพื่อน/เพื่อนร่วมงาน,ชาย,ผู้ใหญ่ตอนปลาย ( 36 - 60 ปี ),คริสมาสต์,น้ำหอม
เพื่อน/เพื่อนร่วมงาน,หญิง,วัยเด็กตอนปลาย ( 7 - 12 ปี ),คริสมาสต์,น้ำหอม
เพื่อน/เพื่อนร่วมงาน,หญิง,วัยรุ่น ( 13 - 18 ปี ),คริสมาสต์,น้ำหอม
เพื่อน/เพื่อนร่วมงาน,หญิง,ผู้ใหญ่ตอนต้น ( 19 - 35 ปี ),คริสมาสต์,น้ำหอม
เพื่อน/เพื่อนร่วมงาน,หญิง,ผู้ใหญ่ตอนปลาย ( 36 - 60 ปี ),คริสมาสต์,น้ำหอม
เพื่อน/เพื่อนร่วมงาน,เกย์,วัยเด็กตอนปลาย ( 7 - 12 ปี ),คริสมาสต์,น้ำหอม
เพื่อน/เพื่อนร่วมงาน,เกย์,วัยรุ่น ( 13 - 18 ปี ),คริสมาสต์,น้ำหอม
เพื่อน/เพื่อนร่วมงาน,เกย์,ผู้ใหญ่ตอนต้น ( 19 - 35 ปี ),คริสมาสต์,น้ำหอม
เพื่อน/เพื่อนร่วมงาน,เกย์,ผู้ใหญ่ตอนปลาย ( 36 - 60 ปี ),คริสมาสต์,น้ำหอม
เพื่อน/เพื่อนร่วมงาน,กะเทย,วัยเด็กตอนปลาย ( 7 - 12 ปี ),คริสมาสต์,น้ำหอม
เพื่อน/เพื่อนร่วมงาน,กะเทย,วัยรุ่น ( 13 - 18 ปี ),คริสมาสต์,น้ำหอม
เพื่อน/เพื่อนร่วมงาน,กะเทย,ผู้ใหญ่ตอนต้น ( 19 - 35 ปี ),คริสมาสต์,น้ำหอม
เพื่อน/เพื่อนร่วมงาน,กะเทย,ผู้ใหญ่ตอนปลาย ( 36 - 60 ปี ),คริสมาสต์,น้ำหอม
เพื่อน/เพื่อนร่วมงาน,ชาย,วัยเด็กตอนปลาย ( 7 - 12 ปี ),ปีใหม่,เสื้อผ้าแฟชั่น
เพื่อน/เพื่อนร่วมงาน,ชาย,วัยรุ่น ( 13 - 18 ปี ),ปีใหม่,เสื้อผ้าแฟชั่น
เพื่อน/เพื่อนร่วมงาน,ชาย,ผู้ใหญ่ตอนต้น ( 19 - 35 ปี ),ปีใหม่,เสื้อผ้าแฟชั่น
เพื่อน/เพื่อนร่วมงาน,ชาย,ผู้ใหญ่ตอนปลาย ( 36 - 60 ปี ),ปีใหม่,เสื้อผ้าแฟชั่น
เพื่อน/เพื่อนร่วมงาน,หญิง,วัยเด็กตอนปลาย ( 7 - 12 ปี ),ปีใหม่,เสื้อผ้าแฟชั่น
เพื่อน/เพื่อนร่วมงาน,หญิง,วัยรุ่น ( 13 - 18 ปี ),ปีใหม่,เสื้อผ้าแฟชั่น
เพื่อน/เพื่อนร่วมงาน,หญิง,ผู้ใหญ่ตอนต้น ( 19 - 35 ปี ),ปีใหม่,เสื้อผ้าแฟชั่น
เพื่อน/เพื่อนร่วมงาน,หญิง,ผู้ใหญ่ตอนปลาย ( 36 - 60 ปี ),ปีใหม่,เสื้อผ้าแฟชั่น
เพื่อน/เพื่อนร่วมงาน,เกย์,วัยเด็กตอนปลาย ( 7 - 12 ปี ),ปีใหม่,เสื้อผ้าแฟชั่น
เพื่อน/เพื่อนร่วมงาน,เกย์,วัยรุ่น ( 13 - 18 ปี ),ปีใหม่,เสื้อผ้าแฟชั่น
เพื่อน/เพื่อนร่วมงาน,เกย์,ผู้ใหญ่ตอนต้น ( 19 - 35 ปี ),ปีใหม่,เสื้อผ้าแฟชั่น
เพื่อน/เพื่อนร่วมงาน,เกย์,ผู้ใหญ่ตอนปลาย ( 36 - 60 ปี ),ปีใหม่,เสื้อผ้าแฟชั่น
เพื่อน/เพื่อนร่วมงาน,กะเทย,วัยเด็กตอนปลาย ( 7 - 12 ปี ),ปีใหม่,เสื้อผ้าแฟชั่น
เพื่อน/เพื่อนร่วมงาน,กะเทย,วัยรุ่น ( 13 - 18 ปี ),ปีใหม่,เสื้อผ้าแฟชั่น
เพื่อน/เพื่อนร่วมงาน,กะเทย,ผู้ใหญ่ตอนต้น ( 19 - 35 ปี ),ปีใหม่,เสื้อผ้าแฟชั่น
เพื่อน/เพื่อนร่วมงาน,กะเทย,ผู้ใหญ่ตอนปลาย ( 36 - 60 ปี ),ปีใหม่,เสื้อผ้าแฟชั่น
เพื่อน/เพื่อนร่วมงาน,ชาย,ผู้ใหญ่ตอนต้น ( 19 - 35 ปี ),เลี้ยงรุ่น,เสื้อผ้าแฟชั่น
เพื่อน/เพื่อนร่วมงาน,ชาย,ผู้ใหญ่ตอนปลาย ( 36 - 60 ปี ),เลี้ยงรุ่น,เสื้อผ้าแฟชั่น
เพื่อน/เพื่อนร่วมงาน,หญิง,ผู้ใหญ่ตอนต้น ( 19 - 35 ปี ),เลี้ยงรุ่น,เสื้อผ้าแฟชั่น
เพื่อน/เพื่อนร่วมงาน,หญิง,ผู้ใหญ่ตอนปลาย ( 36 - 60 ปี ),เลี้ยงรุ่น,เสื้อผ้าแฟชั่น
เพื่อน/เพื่อนร่วมงาน,ชาย,ผู้ใหญ่ตอนต้น ( 19 - 35 ปี ),งานเลี้ยงบริษัท,เสื้อผ้าแฟชั่น
เพื่อน/เพื่อนร่วมงาน,ชาย,ผู้ใหญ่ตอนปลาย ( 36 - 60 ปี ),งานเลี้ยงบริษัท,เสื้อผ้าแฟชั่น
เพื่อน/เพื่อนร่วมงาน,หญิง,ผู้ใหญ่ตอนต้น ( 19 - 35 ปี ),งานเลี้ยงบริษัท,เสื้อผ้าแฟชั่น
เพื่อน/เพื่อนร่วมงาน,หญิง,ผู้ใหญ่ตอนปลาย ( 36 - 60 ปี ),งานเลี้ยงบริษัท,เสื้อผ้าแฟชั่น
เพื่อน/เพื่อนร่วมงาน,เกย์,ผู้ใหญ่ตอนต้น ( 19 - 35 ปี ),งานเลี้ยงบริษัท,เสื้อผ้าแฟชั่น
เพื่อน/เพื่อนร่วมงาน,เกย์,ผู้ใหญ่ตอนปลาย ( 36 - 60 ปี ),งานเลี้ยงบริษัท,เสื้อผ้าแฟชั่น
เพื่อน/เพื่อนร่วมงาน,กะเทย,ผู้ใหญ่ตอนต้น ( 19 - 35 ปี ),งานเลี้ยงบริษัท,เสื้อผ้าแฟชั่น
เพื่อน/เพื่อนร่วมงาน,กะเทย,ผู้ใหญ่ตอนปลาย ( 36 - 60 ปี ),งานเลี้ยงบริษัท,เสื้อผ้าแฟชั่น
เพื่อน/เพื่อนร่วมงาน,ชาย,ผู้ใหญ่ตอนต้น ( 19 - 35 ปี ),วันรับปริญญา,เสื้อผ้าแฟชั่น
เพื่อน/เพื่อนร่วมงาน,หญิง,ผู้ใหญ่ตอนต้น ( 19 - 35 ปี ),วันรับปริญญา,เสื้อผ้าแฟชั่น
เพื่อน/เพื่อนร่วมงาน,เกย์,ผู้ใหญ่ตอนต้น ( 19 - 35 ปี ),วันรับปริญญา,เสื้อผ้าแฟชั่น
เพื่อน/เพื่อนร่วมงาน,กะเทย,ผู้ใหญ่ตอนต้น ( 19 - 35 ปี ),วันรับปริญญา,เสื้อผ้าแฟชั่น
เพื่อน/เพื่อนร่วมงาน,ชาย,ผู้ใหญ่ตอนต้น ( 19 - 35 ปี ),วันแต่งงาน,เสื้อผ้าแฟชั่น
เพื่อน/เพื่อนร่วมงาน,ชาย,ผู้ใหญ่ตอนปลาย ( 36 - 60 ปี ),วันแต่งงาน,เสื้อผ้าแฟชั่น
เพื่อน/เพื่อนร่วมงาน,หญิง,ผู้ใหญ่ตอนต้น ( 19 - 35 ปี ),วันแต่งงาน,เสื้อผ้าแฟชั่น
เพื่อน/เพื่อนร่วมงาน,หญิง,ผู้ใหญ่ตอนปลาย ( 36 - 60 ปี ),วันแต่งงาน,เสื้อผ้าแฟชั่น
เพื่อน/เพื่อนร่วมงาน,เกย์,ผู้ใหญ่ตอนต้น ( 19 - 35 ปี ),วันแต่งงาน,เสื้อผ้าแฟชั่น
เพื่อน/เพื่อนร่วมงาน,เกย์,ผู้ใหญ่ตอนปลาย ( 36 - 60 ปี ),วันแต่งงาน,เสื้อผ้าแฟชั่น
เพื่อน/เพื่อนร่วมงาน,กะเทย,ผู้ใหญ่ตอนต้น ( 19 - 35 ปี ),วันแต่งงาน,เสื้อผ้าแฟชั่น
เพื่อน/เพื่อนร่วมงาน,กะเทย,ผู้ใหญ่ตอนปลาย ( 36 - 60 ปี ),วันแต่งงาน,เสื้อผ้าแฟชั่น
เพื่อน/เพื่อนร่วมงาน,ชาย,ผู้ใหญ่ตอนต้น ( 19 - 35 ปี ),วันรับตำแหน่งใหม่,เสื้อผ้าแฟชั่น
เพื่อน/เพื่อนร่วมงาน,ชาย,ผู้ใหญ่ตอนปลาย ( 36 - 60 ปี ),วันรับตำแหน่งใหม่,เสื้อผ้าแฟชั่น
เพื่อน/เพื่อนร่วมงาน,หญิง,ผู้ใหญ่ตอนต้น ( 19 - 35 ปี ),วันรับตำแหน่งใหม่,เสื้อผ้าแฟชั่น
เพื่อน/เพื่อนร่วมงาน,หญิง,ผู้ใหญ่ตอนปลาย ( 36 - 60 ปี ),วันรับตำแหน่งใหม่,เสื้อผ้าแฟชั่น
เพื่อน/เพื่อนร่วมงาน,เกย์,ผู้ใหญ่ตอนต้น ( 19 - 35 ปี ),วันรับตำแหน่งใหม่,เสื้อผ้าแฟชั่น
เพื่อน/เพื่อนร่วมงาน,เกย์,ผู้ใหญ่ตอนปลาย ( 36 - 60 ปี ),วันรับตำแหน่งใหม่,เสื้อผ้าแฟชั่น
เพื่อน/เพื่อนร่วมงาน,กะเทย,ผู้ใหญ่ตอนต้น ( 19 - 35 ปี ),วันรับตำแหน่งใหม่,เสื้อผ้าแฟชั่น
เพื่อน/เพื่อนร่วมงาน,กะเทย,ผู้ใหญ่ตอนปลาย ( 36 - 60 ปี ),วันรับตำแหน่งใหม่,เสื้อผ้าแฟชั่น
เพื่อน/เพื่อนร่วมงาน,ชาย,วัยเด็กตอนปลาย ( 7 - 12 ปี ),วันเกิด,เสื้อผ้าแฟชั่น
เพื่อน/เพื่อนร่วมงาน,ชาย,วัยรุ่น ( 13 - 18 ปี ),วันเกิด,เสื้อผ้าแฟชั่น
เพื่อน/เพื่อนร่วมงาน,ชาย,ผู้ใหญ่ตอนต้น ( 19 - 35 ปี ),วันเกิด,เสื้อผ้าแฟชั่น
เพื่อน/เพื่อนร่วมงาน,ชาย,ผู้ใหญ่ตอนปลาย ( 36 - 60 ปี ),วันเกิด,เสื้อผ้าแฟชั่น
เพื่อน/เพื่อนร่วมงาน,หญิง,วัยเด็กตอนปลาย ( 7 - 12 ปี ),วันเกิด,เสื้อผ้าแฟชั่น
เพื่อน/เพื่อนร่วมงาน,หญิง,วัยรุ่น ( 13 - 18 ปี ),วันเกิด,เสื้อผ้าแฟชั่น
เพื่อน/เพื่อนร่วมงาน,หญิง,ผู้ใหญ่ตอนต้น ( 19 - 35 ปี ),วันเกิด,เสื้อผ้าแฟชั่น
เพื่อน/เพื่อนร่วมงาน,หญิง,ผู้ใหญ่ตอนปลาย ( 36 - 60 ปี ),วันเกิด,เสื้อผ้าแฟชั่น
เพื่อน/เพื่อนร่วมงาน,เกย์,วัยเด็กตอนปลาย ( 7 - 12 ปี ),วันเกิด,เสื้อผ้าแฟชั่น
เพื่อน/เพื่อนร่วมงาน,เกย์,วัยรุ่น ( 13 - 18 ปี ),วันเกิด,เสื้อผ้าแฟชั่น
เพื่อน/เพื่อนร่วมงาน,เกย์,ผู้ใหญ่ตอนต้น ( 19 - 35 ปี ),วันเกิด,เสื้อผ้าแฟชั่น
เพื่อน/เพื่อนร่วมงาน,เกย์,ผู้ใหญ่ตอนปลาย ( 36 - 60 ปี ),วันเกิด,เสื้อผ้าแฟชั่น
เพื่อน/เพื่อนร่วมงาน,กะเทย,วัยเด็กตอนปลาย ( 7 - 12 ปี ),วันเกิด,เสื้อผ้าแฟชั่น
เพื่อน/เพื่อนร่วมงาน,กะเทย,วัยรุ่น ( 13 - 18 ปี ),วันเกิด,เสื้อผ้าแฟชั่น
เพื่อน/เพื่อนร่วมงาน,กะเทย,ผู้ใหญ่ตอนต้น ( 19 - 35 ปี ),วันเกิด,เสื้อผ้าแฟชั่น
เพื่อน/เพื่อนร่วมงาน,กะเทย,ผู้ใหญ่ตอนปลาย ( 36 - 60 ปี ),วันเกิด,เสื้อผ้าแฟชั่น
เพื่อน/เพื่อนร่วมงาน,ชาย,วัยเด็กตอนปลาย ( 7 - 12 ปี ),คริสมาสต์,เสื้อผ้าแฟชั่น
เพื่อน/เพื่อนร่วมงาน,ชาย,วัยรุ่น ( 13 - 18 ปี ),คริสมาสต์,เสื้อผ้าแฟชั่น
เพื่อน/เพื่อนร่วมงาน,ชาย,ผู้ใหญ่ตอนต้น ( 19 - 35 ปี ),คริสมาสต์,เสื้อผ้าแฟชั่น
เพื่อน/เพื่อนร่วมงาน,ชาย,ผู้ใหญ่ตอนปลาย ( 36 - 60 ปี ),คริสมาสต์,เสื้อผ้าแฟชั่น
เพื่อน/เพื่อนร่วมงาน,หญิง,วัยเด็กตอนปลาย ( 7 - 12 ปี ),คริสมาสต์,เสื้อผ้าแฟชั่น
เพื่อน/เพื่อนร่วมงาน,หญิง,วัยรุ่น ( 13 - 18 ปี ),คริสมาสต์,เสื้อผ้าแฟชั่น
เพื่อน/เพื่อนร่วมงาน,หญิง,ผู้ใหญ่ตอนต้น ( 19 - 35 ปี ),คริสมาสต์,เสื้อผ้าแฟชั่น
เพื่อน/เพื่อนร่วมงาน,หญิง,ผู้ใหญ่ตอนปลาย ( 36 - 60 ปี ),คริสมาสต์,เสื้อผ้าแฟชั่น
เพื่อน/เพื่อนร่วมงาน,เกย์,วัยเด็กตอนปลาย ( 7 - 12 ปี ),คริสมาสต์,เสื้อผ้าแฟชั่น
เพื่อน/เพื่อนร่วมงาน,เกย์,วัยรุ่น ( 13 - 18 ปี ),คริสมาสต์,เสื้อผ้าแฟชั่น
เพื่อน/เพื่อนร่วมงาน,เกย์,ผู้ใหญ่ตอนต้น ( 19 - 35 ปี ),คริสมาสต์,เสื้อผ้าแฟชั่น
เพื่อน/เพื่อนร่วมงาน,เกย์,ผู้ใหญ่ตอนปลาย ( 36 - 60 ปี ),คริสมาสต์,เสื้อผ้าแฟชั่น
เพื่อน/เพื่อนร่วมงาน,กะเทย,วัยเด็กตอนปลาย ( 7 - 12 ปี ),คริสมาสต์,เสื้อผ้าแฟชั่น
เพื่อน/เพื่อนร่วมงาน,กะเทย,วัยรุ่น ( 13 - 18 ปี ),คริสมาสต์,เสื้อผ้าแฟชั่น
เพื่อน/เพื่อนร่วมงาน,กะเทย,ผู้ใหญ่ตอนต้น ( 19 - 35 ปี ),คริสมาสต์,เสื้อผ้าแฟชั่น
เพื่อน/เพื่อนร่วมงาน,กะเทย,ผู้ใหญ่ตอนปลาย ( 36 - 60 ปี ),คริสมาสต์,เสื้อผ้าแฟชั่น
เพื่อน/เพื่อนร่วมงาน,ชาย,วัยเด็กตอนปลาย ( 7 - 12 ปี ),ปีใหม่,รองเท้า
เพื่อน/เพื่อนร่วมงาน,ชาย,วัยรุ่น ( 13 - 18 ปี ),ปีใหม่,รองเท้า
เพื่อน/เพื่อนร่วมงาน,ชาย,ผู้ใหญ่ตอนต้น ( 19 - 35 ปี ),ปีใหม่,รองเท้า
เพื่อน/เพื่อนร่วมงาน,ชาย,ผู้ใหญ่ตอนปลาย ( 36 - 60 ปี ),ปีใหม่,รองเท้า
เพื่อน/เพื่อนร่วมงาน,หญิง,วัยเด็กตอนปลาย ( 7 - 12 ปี ),ปีใหม่,รองเท้า
เพื่อน/เพื่อนร่วมงาน,หญิง,วัยรุ่น ( 13 - 18 ปี ),ปีใหม่,รองเท้า
เพื่อน/เพื่อนร่วมงาน,หญิง,ผู้ใหญ่ตอนต้น ( 19 - 35 ปี ),ปีใหม่,รองเท้า
เพื่อน/เพื่อนร่วมงาน,หญิง,ผู้ใหญ่ตอนปลาย ( 36 - 60 ปี ),ปีใหม่,รองเท้า
เพื่อน/เพื่อนร่วมงาน,เกย์,วัยเด็กตอนปลาย ( 7 - 12 ปี ),ปีใหม่,รองเท้า
เพื่อน/เพื่อนร่วมงาน,เกย์,วัยรุ่น ( 13 - 18 ปี ),ปีใหม่,รองเท้า
เพื่อน/เพื่อนร่วมงาน,เกย์,ผู้ใหญ่ตอนต้น ( 19 - 35 ปี ),ปีใหม่,รองเท้า
เพื่อน/เพื่อนร่วมงาน,เกย์,ผู้ใหญ่ตอนปลาย ( 36 - 60 ปี ),ปีใหม่,รองเท้า
เพื่อน/เพื่อนร่วมงาน,กะเทย,วัยเด็กตอนปลาย ( 7 - 12 ปี ),ปีใหม่,รองเท้า
เพื่อน/เพื่อนร่วมงาน,กะเทย,วัยรุ่น ( 13 - 18 ปี ),ปีใหม่,รองเท้า
เพื่อน/เพื่อนร่วมงาน,กะเทย,ผู้ใหญ่ตอนต้น ( 19 - 35 ปี ),ปีใหม่,รองเท้า
เพื่อน/เพื่อนร่วมงาน,กะเทย,ผู้ใหญ่ตอนปลาย ( 36 - 60 ปี ),ปีใหม่,รองเท้า
เพื่อน/เพื่อนร่วมงาน,ชาย,ผู้ใหญ่ตอนต้น ( 19 - 35 ปี ),เลี้ยงรุ่น,รองเท้า
เพื่อน/เพื่อนร่วมงาน,ชาย,ผู้ใหญ่ตอนปลาย ( 36 - 60 ปี ),เลี้ยงรุ่น,รองเท้า
เพื่อน/เพื่อนร่วมงาน,หญิง,ผู้ใหญ่ตอนต้น ( 19 - 35 ปี ),เลี้ยงรุ่น,รองเท้า
เพื่อน/เพื่อนร่วมงาน,หญิง,ผู้ใหญ่ตอนปลาย ( 36 - 60 ปี ),เลี้ยงรุ่น,รองเท้า
เพื่อน/เพื่อนร่วมงาน,ชาย,ผู้ใหญ่ตอนต้น ( 19 - 35 ปี ),งานเลี้ยงบริษัท,รองเท้า
เพื่อน/เพื่อนร่วมงาน,ชาย,ผู้ใหญ่ตอนปลาย ( 36 - 60 ปี ),งานเลี้ยงบริษัท,รองเท้า
เพื่อน/เพื่อนร่วมงาน,หญิง,ผู้ใหญ่ตอนต้น ( 19 - 35 ปี ),งานเลี้ยงบริษัท,รองเท้า
เพื่อน/เพื่อนร่วมงาน,หญิง,ผู้ใหญ่ตอนปลาย ( 36 - 60 ปี ),งานเลี้ยงบริษัท,รองเท้า
เพื่อน/เพื่อนร่วมงาน,เกย์,ผู้ใหญ่ตอนต้น ( 19 - 35 ปี ),งานเลี้ยงบริษัท,รองเท้า
เพื่อน/เพื่อนร่วมงาน,เกย์,ผู้ใหญ่ตอนปลาย ( 36 - 60 ปี ),งานเลี้ยงบริษัท,รองเท้า
เพื่อน/เพื่อนร่วมงาน,กะเทย,ผู้ใหญ่ตอนต้น ( 19 - 35 ปี ),งานเลี้ยงบริษัท,รองเท้า
เพื่อน/เพื่อนร่วมงาน,กะเทย,ผู้ใหญ่ตอนปลาย ( 36 - 60 ปี ),งานเลี้ยงบริษัท,รองเท้า
เพื่อน/เพื่อนร่วมงาน,ชาย,ผู้ใหญ่ตอนต้น ( 19 - 35 ปี ),วันรับปริญญา,รองเท้า
เพื่อน/เพื่อนร่วมงาน,หญิง,ผู้ใหญ่ตอนต้น ( 19 - 35 ปี ),วันรับปริญญา,รองเท้า
เพื่อน/เพื่อนร่วมงาน,เกย์,ผู้ใหญ่ตอนต้น ( 19 - 35 ปี ),วันรับปริญญา,รองเท้า
เพื่อน/เพื่อนร่วมงาน,กะเทย,ผู้ใหญ่ตอนต้น ( 19 - 35 ปี ),วันรับปริญญา,รองเท้า
เพื่อน/เพื่อนร่วมงาน,ชาย,ผู้ใหญ่ตอนต้น ( 19 - 35 ปี ),วันแต่งงาน,รองเท้า
เพื่อน/เพื่อนร่วมงาน,ชาย,ผู้ใหญ่ตอนปลาย ( 36 - 60 ปี ),วันแต่งงาน,รองเท้า
เพื่อน/เพื่อนร่วมงาน,หญิง,ผู้ใหญ่ตอนต้น ( 19 - 35 ปี ),วันแต่งงาน,รองเท้า
เพื่อน/เพื่อนร่วมงาน,หญิง,ผู้ใหญ่ตอนปลาย ( 36 - 60 ปี ),วันแต่งงาน,รองเท้า
เพื่อน/เพื่อนร่วมงาน,เกย์,ผู้ใหญ่ตอนต้น ( 19 - 35 ปี ),วันแต่งงาน,รองเท้า
เพื่อน/เพื่อนร่วมงาน,เกย์,ผู้ใหญ่ตอนปลาย ( 36 - 60 ปี ),วันแต่งงาน,รองเท้า
เพื่อน/เพื่อนร่วมงาน,กะเทย,ผู้ใหญ่ตอนต้น ( 19 - 35 ปี ),วันแต่งงาน,รองเท้า
เพื่อน/เพื่อนร่วมงาน,กะเทย,ผู้ใหญ่ตอนปลาย ( 36 - 60 ปี ),วันแต่งงาน,รองเท้า
เพื่อน/เพื่อนร่วมงาน,ชาย,ผู้ใหญ่ตอนต้น ( 19 - 35 ปี ),วันรับตำแหน่งใหม่,รองเท้า
เพื่อน/เพื่อนร่วมงาน,ชาย,ผู้ใหญ่ตอนปลาย ( 36 - 60 ปี ),วันรับตำแหน่งใหม่,รองเท้า
เพื่อน/เพื่อนร่วมงาน,หญิง,ผู้ใหญ่ตอนต้น ( 19 - 35 ปี ),วันรับตำแหน่งใหม่,รองเท้า
เพื่อน/เพื่อนร่วมงาน,หญิง,ผู้ใหญ่ตอนปลาย ( 36 - 60 ปี ),วันรับตำแหน่งใหม่,รองเท้า
เพื่อน/เพื่อนร่วมงาน,เกย์,ผู้ใหญ่ตอนต้น ( 19 - 35 ปี ),วันรับตำแหน่งใหม่,รองเท้า
เพื่อน/เพื่อนร่วมงาน,เกย์,ผู้ใหญ่ตอนปลาย ( 36 - 60 ปี ),วันรับตำแหน่งใหม่,รองเท้า
เพื่อน/เพื่อนร่วมงาน,กะเทย,ผู้ใหญ่ตอนต้น ( 19 - 35 ปี ),วันรับตำแหน่งใหม่,รองเท้า
เพื่อน/เพื่อนร่วมงาน,กะเทย,ผู้ใหญ่ตอนปลาย ( 36 - 60 ปี ),วันรับตำแหน่งใหม่,รองเท้า
เพื่อน/เพื่อนร่วมงาน,ชาย,วัยเด็กตอนปลาย ( 7 - 12 ปี ),วันเกิด,รองเท้า
เพื่อน/เพื่อนร่วมงาน,ชาย,วัยรุ่น ( 13 - 18 ปี ),วันเกิด,รองเท้า
เพื่อน/เพื่อนร่วมงาน,ชาย,ผู้ใหญ่ตอนต้น ( 19 - 35 ปี ),วันเกิด,รองเท้า
เพื่อน/เพื่อนร่วมงาน,ชาย,ผู้ใหญ่ตอนปลาย ( 36 - 60 ปี ),วันเกิด,รองเท้า
เพื่อน/เพื่อนร่วมงาน,หญิง,วัยเด็กตอนปลาย ( 7 - 12 ปี ),วันเกิด,รองเท้า
เพื่อน/เพื่อนร่วมงาน,หญิง,วัยรุ่น ( 13 - 18 ปี ),วันเกิด,รองเท้า
เพื่อน/เพื่อนร่วมงาน,หญิง,ผู้ใหญ่ตอนต้น ( 19 - 35 ปี ),วันเกิด,รองเท้า
เพื่อน/เพื่อนร่วมงาน,หญิง,ผู้ใหญ่ตอนปลาย ( 36 - 60 ปี ),วันเกิด,รองเท้า
เพื่อน/เพื่อนร่วมงาน,เกย์,วัยเด็กตอนปลาย ( 7 - 12 ปี ),วันเกิด,รองเท้า
เพื่อน/เพื่อนร่วมงาน,เกย์,วัยรุ่น ( 13 - 18 ปี ),วันเกิด,รองเท้า
เพื่อน/เพื่อนร่วมงาน,เกย์,ผู้ใหญ่ตอนต้น ( 19 - 35 ปี ),วันเกิด,รองเท้า
เพื่อน/เพื่อนร่วมงาน,เกย์,ผู้ใหญ่ตอนปลาย ( 36 - 60 ปี ),วันเกิด,รองเท้า
เพื่อน/เพื่อนร่วมงาน,กะเทย,วัยเด็กตอนปลาย ( 7 - 12 ปี ),วันเกิด,รองเท้า
เพื่อน/เพื่อนร่วมงาน,กะเทย,วัยรุ่น ( 13 - 18 ปี ),วันเกิด,รองเท้า
เพื่อน/เพื่อนร่วมงาน,กะเทย,ผู้ใหญ่ตอนต้น ( 19 - 35 ปี ),วันเกิด,รองเท้า
เพื่อน/เพื่อนร่วมงาน,กะเทย,ผู้ใหญ่ตอนปลาย ( 36 - 60 ปี ),วันเกิด,รองเท้า
เพื่อน/เพื่อนร่วมงาน,ชาย,วัยเด็กตอนปลาย ( 7 - 12 ปี ),คริสมาสต์,รองเท้า
เพื่อน/เพื่อนร่วมงาน,ชาย,วัยรุ่น ( 13 - 18 ปี ),คริสมาสต์,รองเท้า
เพื่อน/เพื่อนร่วมงาน,ชาย,ผู้ใหญ่ตอนต้น ( 19 - 35 ปี ),คริสมาสต์,รองเท้า
เพื่อน/เพื่อนร่วมงาน,ชาย,ผู้ใหญ่ตอนปลาย ( 36 - 60 ปี ),คริสมาสต์,รองเท้า
เพื่อน/เพื่อนร่วมงาน,หญิง,วัยเด็กตอนปลาย ( 7 - 12 ปี ),คริสมาสต์,รองเท้า
เพื่อน/เพื่อนร่วมงาน,หญิง,วัยรุ่น ( 13 - 18 ปี ),คริสมาสต์,รองเท้า
เพื่อน/เพื่อนร่วมงาน,หญิง,ผู้ใหญ่ตอนต้น ( 19 - 35 ปี ),คริสมาสต์,รองเท้า
เพื่อน/เพื่อนร่วมงาน,หญิง,ผู้ใหญ่ตอนปลาย ( 36 - 60 ปี ),คริสมาสต์,รองเท้า
เพื่อน/เพื่อนร่วมงาน,เกย์,วัยเด็กตอนปลาย ( 7 - 12 ปี ),คริสมาสต์,รองเท้า
เพื่อน/เพื่อนร่วมงาน,เกย์,วัยรุ่น ( 13 - 18 ปี ),คริสมาสต์,รองเท้า
เพื่อน/เพื่อนร่วมงาน,เกย์,ผู้ใหญ่ตอนต้น ( 19 - 35 ปี ),คริสมาสต์,รองเท้า
เพื่อน/เพื่อนร่วมงาน,เกย์,ผู้ใหญ่ตอนปลาย ( 36 - 60 ปี ),คริสมาสต์,รองเท้า
เพื่อน/เพื่อนร่วมงาน,กะเทย,วัยเด็กตอนปลาย ( 7 - 12 ปี ),คริสมาสต์,รองเท้า
เพื่อน/เพื่อนร่วมงาน,กะเทย,วัยรุ่น ( 13 - 18 ปี ),คริสมาสต์,รองเท้า
เพื่อน/เพื่อนร่วมงาน,กะเทย,ผู้ใหญ่ตอนต้น ( 19 - 35 ปี ),คริสมาสต์,รองเท้า
เพื่อน/เพื่อนร่วมงาน,กะเทย,ผู้ใหญ่ตอนปลาย ( 36 - 60 ปี ),คริสมาสต์,รองเท้า
เพื่อน/เพื่อนร่วมงาน,ชาย,วัยเด็กตอนปลาย ( 7 - 12 ปี ),ปีใหม่,อุปกรณ์ฟิตเนส
เพื่อน/เพื่อนร่วมงาน,ชาย,วัยรุ่น ( 13 - 18 ปี ),ปีใหม่,อุปกรณ์ฟิตเนส
เพื่อน/เพื่อนร่วมงาน,ชาย,ผู้ใหญ่ตอนต้น ( 19 - 35 ปี ),ปีใหม่,อุปกรณ์ฟิตเนส
เพื่อน/เพื่อนร่วมงาน,ชาย,ผู้ใหญ่ตอนปลาย ( 36 - 60 ปี ),ปีใหม่,อุปกรณ์ฟิตเนส
เพื่อน/เพื่อนร่วมงาน,หญิง,วัยเด็กตอนปลาย ( 7 - 12 ปี ),ปีใหม่,อุปกรณ์ฟิตเนส
เพื่อน/เพื่อนร่วมงาน,หญิง,วัยรุ่น ( 13 - 18 ปี ),ปีใหม่,อุปกรณ์ฟิตเนส
เพื่อน/เพื่อนร่วมงาน,หญิง,ผู้ใหญ่ตอนต้น ( 19 - 35 ปี ),ปีใหม่,อุปกรณ์ฟิตเนส
เพื่อน/เพื่อนร่วมงาน,หญิง,ผู้ใหญ่ตอนปลาย ( 36 - 60 ปี ),ปีใหม่,อุปกรณ์ฟิตเนส
เพื่อน/เพื่อนร่วมงาน,เกย์,วัยเด็กตอนปลาย ( 7 - 12 ปี ),ปีใหม่,อุปกรณ์ฟิตเนส
เพื่อน/เพื่อนร่วมงาน,เกย์,วัยรุ่น ( 13 - 18 ปี ),ปีใหม่,อุปกรณ์ฟิตเนส
เพื่อน/เพื่อนร่วมงาน,เกย์,ผู้ใหญ่ตอนต้น ( 19 - 35 ปี ),ปีใหม่,อุปกรณ์ฟิตเนส
เพื่อน/เพื่อนร่วมงาน,เกย์,ผู้ใหญ่ตอนปลาย ( 36 - 60 ปี ),ปีใหม่,อุปกรณ์ฟิตเนส
เพื่อน/เพื่อนร่วมงาน,กะเทย,วัยเด็กตอนปลาย ( 7 - 12 ปี ),ปีใหม่,อุปกรณ์ฟิตเนส
เพื่อน/เพื่อนร่วมงาน,กะเทย,วัยรุ่น ( 13 - 18 ปี ),ปีใหม่,อุปกรณ์ฟิตเนส
เพื่อน/เพื่อนร่วมงาน,กะเทย,ผู้ใหญ่ตอนต้น ( 19 - 35 ปี ),ปีใหม่,อุปกรณ์ฟิตเนส
เพื่อน/เพื่อนร่วมงาน,กะเทย,ผู้ใหญ่ตอนปลาย ( 36 - 60 ปี ),ปีใหม่,อุปกรณ์ฟิตเนส
เพื่อน/เพื่อนร่วมงาน,ชาย,ผู้ใหญ่ตอนต้น ( 19 - 35 ปี ),เลี้ยงรุ่น,อุปกรณ์ฟิตเนส
เพื่อน/เพื่อนร่วมงาน,ชาย,ผู้ใหญ่ตอนปลาย ( 36 - 60 ปี ),เลี้ยงรุ่น,อุปกรณ์ฟิตเนส
เพื่อน/เพื่อนร่วมงาน,หญิง,ผู้ใหญ่ตอนต้น ( 19 - 35 ปี ),เลี้ยงรุ่น,อุปกรณ์ฟิตเนส
เพื่อน/เพื่อนร่วมงาน,หญิง,ผู้ใหญ่ตอนปลาย ( 36 - 60 ปี ),เลี้ยงรุ่น,อุปกรณ์ฟิตเนส
เพื่อน/เพื่อนร่วมงาน,ชาย,ผู้ใหญ่ตอนต้น ( 19 - 35 ปี ),งานเลี้ยงบริษัท,อุปกรณ์ฟิตเนส
เพื่อน/เพื่อนร่วมงาน,ชาย,ผู้ใหญ่ตอนปลาย ( 36 - 60 ปี ),งานเลี้ยงบริษัท,อุปกรณ์ฟิตเนส
เพื่อน/เพื่อนร่วมงาน,หญิง,ผู้ใหญ่ตอนต้น ( 19 - 35 ปี ),งานเลี้ยงบริษัท,อุปกรณ์ฟิตเนส
เพื่อน/เพื่อนร่วมงาน,หญิง,ผู้ใหญ่ตอนปลาย ( 36 - 60 ปี ),งานเลี้ยงบริษัท,อุปกรณ์ฟิตเนส
เพื่อน/เพื่อนร่วมงาน,เกย์,ผู้ใหญ่ตอนต้น ( 19 - 35 ปี ),งานเลี้ยงบริษัท,อุปกรณ์ฟิตเนส
เพื่อน/เพื่อนร่วมงาน,เกย์,ผู้ใหญ่ตอนปลาย ( 36 - 60 ปี ),งานเลี้ยงบริษัท,อุปกรณ์ฟิตเนส
เพื่อน/เพื่อนร่วมงาน,กะเทย,ผู้ใหญ่ตอนต้น ( 19 - 35 ปี ),งานเลี้ยงบริษัท,อุปกรณ์ฟิตเนส
เพื่อน/เพื่อนร่วมงาน,กะเทย,ผู้ใหญ่ตอนปลาย ( 36 - 60 ปี ),งานเลี้ยงบริษัท,อุปกรณ์ฟิตเนส
เพื่อน/เพื่อนร่วมงาน,ชาย,ผู้ใหญ่ตอนต้น ( 19 - 35 ปี ),วันรับปริญญา,อุปกรณ์ฟิตเนส
เพื่อน/เพื่อนร่วมงาน,หญิง,ผู้ใหญ่ตอนต้น ( 19 - 35 ปี ),วันรับปริญญา,อุปกรณ์ฟิตเนส
เพื่อน/เพื่อนร่วมงาน,เกย์,ผู้ใหญ่ตอนต้น ( 19 - 35 ปี ),วันรับปริญญา,อุปกรณ์ฟิตเนส
เพื่อน/เพื่อนร่วมงาน,กะเทย,ผู้ใหญ่ตอนต้น ( 19 - 35 ปี ),วันรับปริญญา,อุปกรณ์ฟิตเนส
เพื่อน/เพื่อนร่วมงาน,ชาย,ผู้ใหญ่ตอนต้น ( 19 - 35 ปี ),วันแต่งงาน,อุปกรณ์ฟิตเนส
เพื่อน/เพื่อนร่วมงาน,ชาย,ผู้ใหญ่ตอนปลาย ( 36 - 60 ปี ),วันแต่งงาน,อุปกรณ์ฟิตเนส
เพื่อน/เพื่อนร่วมงาน,หญิง,ผู้ใหญ่ตอนต้น ( 19 - 35 ปี ),วันแต่งงาน,อุปกรณ์ฟิตเนส
เพื่อน/เพื่อนร่วมงาน,หญิง,ผู้ใหญ่ตอนปลาย ( 36 - 60 ปี ),วันแต่งงาน,อุปกรณ์ฟิตเนส
เพื่อน/เพื่อนร่วมงาน,เกย์,ผู้ใหญ่ตอนต้น ( 19 - 35 ปี ),วันแต่งงาน,อุปกรณ์ฟิตเนส
เพื่อน/เพื่อนร่วมงาน,เกย์,ผู้ใหญ่ตอนปลาย ( 36 - 60 ปี ),วันแต่งงาน,อุปกรณ์ฟิตเนส
เพื่อน/เพื่อนร่วมงาน,กะเทย,ผู้ใหญ่ตอนต้น ( 19 - 35 ปี ),วันแต่งงาน,อุปกรณ์ฟิตเนส
เพื่อน/เพื่อนร่วมงาน,กะเทย,ผู้ใหญ่ตอนปลาย ( 36 - 60 ปี ),วันแต่งงาน,อุปกรณ์ฟิตเนส
เพื่อน/เพื่อนร่วมงาน,ชาย,ผู้ใหญ่ตอนต้น ( 19 - 35 ปี ),วันรับตำแหน่งใหม่,อุปกรณ์ฟิตเนส
เพื่อน/เพื่อนร่วมงาน,ชาย,ผู้ใหญ่ตอนปลาย ( 36 - 60 ปี ),วันรับตำแหน่งใหม่,อุปกรณ์ฟิตเนส
เพื่อน/เพื่อนร่วมงาน,หญิง,ผู้ใหญ่ตอนต้น ( 19 - 35 ปี ),วันรับตำแหน่งใหม่,อุปกรณ์ฟิตเนส
เพื่อน/เพื่อนร่วมงาน,หญิง,ผู้ใหญ่ตอนปลาย ( 36 - 60 ปี ),วันรับตำแหน่งใหม่,อุปกรณ์ฟิตเนส
เพื่อน/เพื่อนร่วมงาน,เกย์,ผู้ใหญ่ตอนต้น ( 19 - 35 ปี ),วันรับตำแหน่งใหม่,อุปกรณ์ฟิตเนส
เพื่อน/เพื่อนร่วมงาน,เกย์,ผู้ใหญ่ตอนปลาย ( 36 - 60 ปี ),วันรับตำแหน่งใหม่,อุปกรณ์ฟิตเนส
เพื่อน/เพื่อนร่วมงาน,กะเทย,ผู้ใหญ่ตอนต้น ( 19 - 35 ปี ),วันรับตำแหน่งใหม่,อุปกรณ์ฟิตเนส
เพื่อน/เพื่อนร่วมงาน,กะเทย,ผู้ใหญ่ตอนปลาย ( 36 - 60 ปี ),วันรับตำแหน่งใหม่,อุปกรณ์ฟิตเนส
เพื่อน/เพื่อนร่วมงาน,ชาย,วัยเด็กตอนปลาย ( 7 - 12 ปี ),วันเกิด,อุปกรณ์ฟิตเนส
เพื่อน/เพื่อนร่วมงาน,ชาย,วัยรุ่น ( 13 - 18 ปี ),วันเกิด,อุปกรณ์ฟิตเนส
เพื่อน/เพื่อนร่วมงาน,ชาย,ผู้ใหญ่ตอนต้น ( 19 - 35 ปี ),วันเกิด,อุปกรณ์ฟิตเนส
เพื่อน/เพื่อนร่วมงาน,ชาย,ผู้ใหญ่ตอนปลาย ( 36 - 60 ปี ),วันเกิด,อุปกรณ์ฟิตเนส
เพื่อน/เพื่อนร่วมงาน,หญิง,วัยเด็กตอนปลาย ( 7 - 12 ปี ),วันเกิด,อุปกรณ์ฟิตเนส
เพื่อน/เพื่อนร่วมงาน,หญิง,วัยรุ่น ( 13 - 18 ปี ),วันเกิด,อุปกรณ์ฟิตเนส
เพื่อน/เพื่อนร่วมงาน,หญิง,ผู้ใหญ่ตอนต้น ( 19 - 35 ปี ),วันเกิด,อุปกรณ์ฟิตเนส
เพื่อน/เพื่อนร่วมงาน,หญิง,ผู้ใหญ่ตอนปลาย ( 36 - 60 ปี ),วันเกิด,อุปกรณ์ฟิตเนส
เพื่อน/เพื่อนร่วมงาน,เกย์,วัยเด็กตอนปลาย ( 7 - 12 ปี ),วันเกิด,อุปกรณ์ฟิตเนส
เพื่อน/เพื่อนร่วมงาน,เกย์,วัยรุ่น ( 13 - 18 ปี ),วันเกิด,อุปกรณ์ฟิตเนส
เพื่อน/เพื่อนร่วมงาน,เกย์,ผู้ใหญ่ตอนต้น ( 19 - 35 ปี ),วันเกิด,อุปกรณ์ฟิตเนส
เพื่อน/เพื่อนร่วมงาน,เกย์,ผู้ใหญ่ตอนปลาย ( 36 - 60 ปี ),วันเกิด,อุปกรณ์ฟิตเนส
เพื่อน/เพื่อนร่วมงาน,กะเทย,วัยเด็กตอนปลาย ( 7 - 12 ปี ),วันเกิด,อุปกรณ์ฟิตเนส
เพื่อน/เพื่อนร่วมงาน,กะเทย,วัยรุ่น ( 13 - 18 ปี ),วันเกิด,อุปกรณ์ฟิตเนส
เพื่อน/เพื่อนร่วมงาน,กะเทย,ผู้ใหญ่ตอนต้น ( 19 - 35 ปี ),วันเกิด,อุปกรณ์ฟิตเนส
เพื่อน/เพื่อนร่วมงาน,กะเทย,ผู้ใหญ่ตอนปลาย ( 36 - 60 ปี ),วันเกิด,อุปกรณ์ฟิตเนส
เพื่อน/เพื่อนร่วมงาน,ชาย,วัยเด็กตอนปลาย ( 7 - 12 ปี ),คริสมาสต์,อุปกรณ์ฟิตเนส
เพื่อน/เพื่อนร่วมงาน,ชาย,วัยรุ่น ( 13 - 18 ปี ),คริสมาสต์,อุปกรณ์ฟิตเนส
เพื่อน/เพื่อนร่วมงาน,ชาย,ผู้ใหญ่ตอนต้น ( 19 - 35 ปี ),คริสมาสต์,อุปกรณ์ฟิตเนส
เพื่อน/เพื่อนร่วมงาน,ชาย,ผู้ใหญ่ตอนปลาย ( 36 - 60 ปี ),คริสมาสต์,อุปกรณ์ฟิตเนส
เพื่อน/เพื่อนร่วมงาน,หญิง,วัยเด็กตอนปลาย ( 7 - 12 ปี ),คริสมาสต์,อุปกรณ์ฟิตเนส
เพื่อน/เพื่อนร่วมงาน,หญิง,วัยรุ่น ( 13 - 18 ปี ),คริสมาสต์,อุปกรณ์ฟิตเนส
เพื่อน/เพื่อนร่วมงาน,หญิง,ผู้ใหญ่ตอนต้น ( 19 - 35 ปี ),คริสมาสต์,อุปกรณ์ฟิตเนส
เพื่อน/เพื่อนร่วมงาน,หญิง,ผู้ใหญ่ตอนปลาย ( 36 - 60 ปี ),คริสมาสต์,อุปกรณ์ฟิตเนส
เพื่อน/เพื่อนร่วมงาน,เกย์,วัยเด็กตอนปลาย ( 7 - 12 ปี ),คริสมาสต์,อุปกรณ์ฟิตเนส
เพื่อน/เพื่อนร่วมงาน,เกย์,วัยรุ่น ( 13 - 18 ปี ),คริสมาสต์,อุปกรณ์ฟิตเนส
เพื่อน/เพื่อนร่วมงาน,เกย์,ผู้ใหญ่ตอนต้น ( 19 - 35 ปี ),คริสมาสต์,อุปกรณ์ฟิตเนส
เพื่อน/เพื่อนร่วมงาน,เกย์,ผู้ใหญ่ตอนปลาย ( 36 - 60 ปี ),คริสมาสต์,อุปกรณ์ฟิตเนส
เพื่อน/เพื่อนร่วมงาน,กะเทย,วัยเด็กตอนปลาย ( 7 - 12 ปี ),คริสมาสต์,อุปกรณ์ฟิตเนส
เพื่อน/เพื่อนร่วมงาน,กะเทย,วัยรุ่น ( 13 - 18 ปี ),คริสมาสต์,อุปกรณ์ฟิตเนส
เพื่อน/เพื่อนร่วมงาน,กะเทย,ผู้ใหญ่ตอนต้น ( 19 - 35 ปี ),คริสมาสต์,อุปกรณ์ฟิตเนส
เพื่อน/เพื่อนร่วมงาน,กะเทย,ผู้ใหญ่ตอนปลาย ( 36 - 60 ปี ),คริสมาสต์,อุปกรณ์ฟิตเนส
