เทศกาล/โอกาสสำคัญ,ความสัมพันธ์,เพศ,ช่วงวัย,คลาสของขวัญ
ปีใหม่,เพื่อน/เพื่อนร่วมงาน,ชาย,วัยรุ่น ( 13 - 18 ปี ),น้ำหอม
ปีใหม่,เพื่อน/เพื่อนร่วมงาน,ทอม,วัยรุ่น ( 13 - 18 ปี ),น้ำหอม
ปีใหม่,เพื่อน/เพื่อนร่วมงาน,เกย์,วัยรุ่น ( 13 - 18 ปี ),น้ำหอม
ปีใหม่,เพื่อน/เพื่อนร่วมงาน,ชาย,ผู้ใหญ่ตอนต้น ( 19 - 35 ปี ),น้ำหอม
ปีใหม่,เพื่อน/เพื่อนร่วมงาน,ทอม,ผู้ใหญ่ตอนต้น ( 19 - 35 ปี ),น้ำหอม
ปีใหม่,เพื่อน/เพื่อนร่วมงาน,เกย์,ผู้ใหญ่ตอนต้น ( 19 - 35 ปี ),น้ำหอม
ปีใหม่,เพื่อน/เพื่อนร่วมงาน,ชาย,ผู้ใหญ่ตอนปลาย ( 36 - 60 ปี ),น้ำหอม
ปีใหม่,เพื่อน/เพื่อนร่วมงาน,ทอม,ผู้ใหญ่ตอนปลาย ( 36 - 60 ปี ),น้ำหอม
ปีใหม่,เพื่อน/เพื่อนร่วมงาน,เกย์,ผู้ใหญ่ตอนปลาย ( 36 - 60 ปี ),น้ำหอม
ปีใหม่,เพื่อน/เพื่อนร่วมงาน,หญิง,วัยรุ่น ( 13 - 18 ปี ),น้ำหอม
ปีใหม่,เพื่อน/เพื่อนร่วมงาน,หญิง,ผู้ใหญ่ตอนต้น ( 19 - 35 ปี ),น้ำหอม
ปีใหม่,เพื่อน/เพื่อนร่วมงาน,หญิง,ผู้ใหญ่ตอนปลาย ( 36 - 60 ปี ),น้ำหอม
ปีใหม่,แฟน,ชาย,วัยรุ่น ( 13 - 18 ปี ),น้ำหอม
ปีใหม่,แฟน,ทอม,วัยรุ่น ( 13 - 18 ปี ),น้ำหอม
ปีใหม่,แฟน,เกย์,วัยรุ่น ( 13 - 18 ปี ),น้ำหอม
ปีใหม่,แฟน,ชาย,ผู้ใหญ่ตอนต้น ( 19 - 35 ปี ),น้ำหอม
ปีใหม่,แฟน,ทอม,ผู้ใหญ่ตอนต้น ( 19 - 35 ปี ),น้ำหอม
ปีใหม่,แฟน,เกย์,ผู้ใหญ่ตอนต้น ( 19 - 35 ปี ),น้ำหอม
ปีใหม่,แฟน,ชาย,ผู้ใหญ่ตอนปลาย ( 36 - 60 ปี ),น้ำหอม
ปีใหม่,แฟน,ทอม,ผู้ใหญ่ตอนปลาย ( 36 - 60 ปี ),น้ำหอม
ปีใหม่,แฟน,เกย์,ผู้ใหญ่ตอนปลาย ( 36 - 60 ปี ),น้ำหอม
ปีใหม่,แฟน,หญิง,วัยรุ่น ( 13 - 18 ปี ),น้ำหอม
ปีใหม่,แฟน,หญิง,ผู้ใหญ่ตอนต้น ( 19 - 35 ปี ),น้ำหอม
ปีใหม่,แฟน,หญิง,ผู้ใหญ่ตอนปลาย ( 36 - 60 ปี ),น้ำหอม
ปีใหม่,เพื่อน/เพื่อนร่วมงาน,ชาย,วัยรุ่น ( 13 - 18 ปี ),เสื้อผ้าแฟชั่น
ปีใหม่,เพื่อน/เพื่อนร่วมงาน,ทอม,วัยรุ่น ( 13 - 18 ปี ),เสื้อผ้าแฟชั่น
ปีใหม่,เพื่อน/เพื่อนร่วมงาน,เกย์,วัยรุ่น ( 13 - 18 ปี ),เสื้อผ้าแฟชั่น
ปีใหม่,เพื่อน/เพื่อนร่วมงาน,ชาย,ผู้ใหญ่ตอนต้น ( 19 - 35 ปี ),เสื้อผ้าแฟชั่น
ปีใหม่,เพื่อน/เพื่อนร่วมงาน,ทอม,ผู้ใหญ่ตอนต้น ( 19 - 35 ปี ),เสื้อผ้าแฟชั่น
ปีใหม่,เพื่อน/เพื่อนร่วมงาน,เกย์,ผู้ใหญ่ตอนต้น ( 19 - 35 ปี ),เสื้อผ้าแฟชั่น
ปีใหม่,เพื่อน/เพื่อนร่วมงาน,ชาย,ผู้ใหญ่ตอนปลาย ( 36 - 60 ปี ),เสื้อผ้าแฟชั่น
ปีใหม่,เพื่อน/เพื่อนร่วมงาน,ทอม,ผู้ใหญ่ตอนปลาย ( 36 - 60 ปี ),เสื้อผ้าแฟชั่น
ปีใหม่,เพื่อน/เพื่อนร่วมงาน,เกย์,ผู้ใหญ่ตอนปลาย ( 36 - 60 ปี ),เสื้อผ้าแฟชั่น
ปีใหม่,เพื่อน/เพื่อนร่วมงาน,หญิง,วัยรุ่น ( 13 - 18 ปี ),เสื้อผ้าแฟชั่น
ปีใหม่,เพื่อน/เพื่อนร่วมงาน,หญิง,ผู้ใหญ่ตอนต้น ( 19 - 35 ปี ),เสื้อผ้าแฟชั่น
ปีใหม่,เพื่อน/เพื่อนร่วมงาน,หญิง,ผู้ใหญ่ตอนปลาย ( 36 - 60 ปี ),เสื้อผ้าแฟชั่น
ปีใหม่,แฟน,ชาย,วัยรุ่น ( 13 - 18 ปี ),เสื้อผ้าแฟชั่น
ปีใหม่,แฟน,ทอม,วัยรุ่น ( 13 - 18 ปี ),เสื้อผ้าแฟชั่น
ปีใหม่,แฟน,เกย์,วัยรุ่น ( 13 - 18 ปี ),เสื้อผ้าแฟชั่น
ปีใหม่,แฟน,ชาย,ผู้ใหญ่ตอนต้น ( 19 - 35 ปี ),เสื้อผ้าแฟชั่น
ปีใหม่,แฟน,ทอม,ผู้ใหญ่ตอนต้น ( 19 - 35 ปี ),เสื้อผ้าแฟชั่น
ปีใหม่,แฟน,เกย์,ผู้ใหญ่ตอนต้น ( 19 - 35 ปี ),เสื้อผ้าแฟชั่น
ปีใหม่,แฟน,ชาย,ผู้ใหญ่ตอนปลาย ( 36 - 60 ปี ),เสื้อผ้าแฟชั่น
ปีใหม่,แฟน,ทอม,ผู้ใหญ่ตอนปลาย ( 36 - 60 ปี ),เสื้อผ้าแฟชั่น
ปีใหม่,แฟน,เกย์,ผู้ใหญ่ตอนปลาย ( 36 - 60 ปี ),เสื้อผ้าแฟชั่น
ปีใหม่,แฟน,หญิง,วัยรุ่น ( 13 - 18 ปี ),เสื้อผ้าแฟชั่น
ปีใหม่,แฟน,หญิง,ผู้ใหญ่ตอนต้น ( 19 - 35 ปี ),เสื้อผ้าแฟชั่น
ปีใหม่,แฟน,หญิง,ผู้ใหญ่ตอนปลาย ( 36 - 60 ปี ),เสื้อผ้าแฟชั่น
ปีใหม่,เพื่อน/เพื่อนร่วมงาน,ชาย,วัยรุ่น ( 13 - 18 ปี ),รองเท้า
ปีใหม่,เพื่อน/เพื่อนร่วมงาน,ทอม,วัยรุ่น ( 13 - 18 ปี ),รองเท้า
ปีใหม่,เพื่อน/เพื่อนร่วมงาน,เกย์,วัยรุ่น ( 13 - 18 ปี ),รองเท้า
ปีใหม่,เพื่อน/เพื่อนร่วมงาน,ชาย,ผู้ใหญ่ตอนต้น ( 19 - 35 ปี ),รองเท้า
ปีใหม่,เพื่อน/เพื่อนร่วมงาน,ทอม,ผู้ใหญ่ตอนต้น ( 19 - 35 ปี ),รองเท้า
ปีใหม่,เพื่อน/เพื่อนร่วมงาน,เกย์,ผู้ใหญ่ตอนต้น ( 19 - 35 ปี ),รองเท้า
ปีใหม่,เพื่อน/เพื่อนร่วมงาน,ชาย,ผู้ใหญ่ตอนปลาย ( 36 - 60 ปี ),รองเท้า
ปีใหม่,เพื่อน/เพื่อนร่วมงาน,ทอม,ผู้ใหญ่ตอนปลาย ( 36 - 60 ปี ),รองเท้า
ปีใหม่,เพื่อน/เพื่อนร่วมงาน,เกย์,ผู้ใหญ่ตอนปลาย ( 36 - 60 ปี ),รองเท้า
ปีใหม่,เพื่อน/เพื่อนร่วมงาน,หญิง,วัยรุ่น ( 13 - 18 ปี ),รองเท้า
ปีใหม่,เพื่อน/เพื่อนร่วมงาน,หญิง,ผู้ใหญ่ตอนต้น ( 19 - 35 ปี ),รองเท้า
ปีใหม่,เพื่อน/เพื่อนร่วมงาน,หญิง,ผู้ใหญ่ตอนปลาย ( 36 - 60 ปี ),รองเท้า
ปีใหม่,แฟน,ชาย,วัยรุ่น ( 13 - 18 ปี ),รองเท้า
ปีใหม่,แฟน,ทอม,วัยรุ่น ( 13 - 18 ปี ),รองเท้า
ปีใหม่,แฟน,เกย์,วัยรุ่น ( 13 - 18 ปี ),รองเท้า
ปีใหม่,แฟน,ชาย,ผู้ใหญ่ตอนต้น ( 19 - 35 ปี ),รองเท้า
ปีใหม่,แฟน,ทอม,ผู้ใหญ่ตอนต้น ( 19 - 35 ปี ),รองเท้า
ปีใหม่,แฟน,เกย์,ผู้ใหญ่ตอนต้น ( 19 - 35 ปี ),รองเท้า
ปีใหม่,แฟน,ชาย,ผู้ใหญ่ตอนปลาย ( 36 - 60 ปี ),รองเท้า
ปีใหม่,แฟน,ทอม,ผู้ใหญ่ตอนปลาย ( 36 - 60 ปี ),รองเท้า
ปีใหม่,แฟน,เกย์,ผู้ใหญ่ตอนปลาย ( 36 - 60 ปี ),รองเท้า
ปีใหม่,แฟน,หญิง,วัยรุ่น ( 13 - 18 ปี ),รองเท้า
ปีใหม่,แฟน,หญิง,ผู้ใหญ่ตอนต้น ( 19 - 35 ปี ),รองเท้า
ปีใหม่,แฟน,หญิง,ผู้ใหญ่ตอนปลาย ( 36 - 60 ปี ),รองเท้า
