เพศ,ช่วงอายุ/ช่วงวัย,เทศกาล/โอกาสสำคัญ,ความสัมพันธ์,คลาสของขวัญ
ชาย,วัยรุ่น ( 13 - 18 ปี ),ปีใหม่,เพื่อน,เครื่องประดับ
ชาย,วัยรุ่น ( 13 - 18 ปี ),ปีใหม่,เพื่อน,เครื่องประดับ
ชาย,วัยรุ่น ( 13 - 18 ปี ),ปีใหม่,เพื่อน,เครื่องประดับ
ชาย,วัยรุ่น ( 13 - 18 ปี ),ปีใหม่,เพื่อน,เครื่องประดับ
ชาย,วัยรุ่น ( 13 - 18 ปี ),ปีใหม่,เพื่อน,เครื่องประดับ
ชาย,วัยรุ่น ( 13 - 18 ปี ),ปีใหม่,เพื่อน,เครื่องประดับ
ชาย,วัยรุ่น ( 13 - 18 ปี ),ปีใหม่,เพื่อน,เครื่องประดับ
ชาย,วัยรุ่น ( 13 - 18 ปี ),ปีใหม่,เพื่อน,เครื่องประดับ
ชาย,วัยรุ่น ( 13 - 18 ปี ),ปีใหม่,เพื่อน,เครื่องประดับ
หญิง,วัยรุ่น ( 13 - 18 ปี ),ปีใหม่,เพื่อน,เครื่องประดับ
หญิง,วัยรุ่น ( 13 - 18 ปี ),ปีใหม่,เพื่อน,เครื่องประดับ
หญิง,วัยรุ่น ( 13 - 18 ปี ),ปีใหม่,เพื่อน,เครื่องประดับ
หญิง,วัยรุ่น ( 13 - 18 ปี ),ปีใหม่,เพื่อน,เครื่องประดับ
หญิง,วัยรุ่น ( 13 - 18 ปี ),ปีใหม่,เพื่อน,เครื่องประดับ
หญิง,วัยรุ่น ( 13 - 18 ปี ),ปีใหม่,เพื่อน,เครื่องประดับ
หญิง,วัยรุ่น ( 13 - 18 ปี ),ปีใหม่,เพื่อน,เครื่องประดับ
หญิง,วัยรุ่น ( 13 - 18 ปี ),ปีใหม่,เพื่อน,เครื่องประดับ
หญิง,วัยรุ่น ( 13 - 18 ปี ),ปีใหม่,เพื่อน,เครื่องประดับ
ชาย,วัยรุ่น ( 13 - 18 ปี ),ปีใหม่,เพื่อน,เครื่องประดับ
ชาย,วัยรุ่น ( 13 - 18 ปี ),ปีใหม่,เพื่อน,เครื่องประดับ
ชาย,วัยรุ่น ( 13 - 18 ปี ),ปีใหม่,เพื่อน,เครื่องประดับ
ชาย,วัยรุ่น ( 13 - 18 ปี ),ปีใหม่,เพื่อน,เครื่องประดับ
ชาย,วัยรุ่น ( 13 - 18 ปี ),ปีใหม่,เพื่อน,เครื่องประดับ
ชาย,วัยรุ่น ( 13 - 18 ปี ),ปีใหม่,เพื่อน,เครื่องประดับ
ชาย,วัยรุ่น ( 13 - 18 ปี ),ปีใหม่,เพื่อน,เครื่องประดับ
ชาย,วัยรุ่น ( 13 - 18 ปี ),ปีใหม่,เพื่อน,เครื่องประดับ
ชาย,วัยรุ่น ( 13 - 18 ปี ),ปีใหม่,เพื่อน,เครื่องประดับ
หญิง,วัยรุ่น ( 13 - 18 ปี ),ปีใหม่,เพื่อน,เครื่องประดับ
หญิง,วัยรุ่น ( 13 - 18 ปี ),ปีใหม่,เพื่อน,เครื่องประดับ
หญิง,วัยรุ่น ( 13 - 18 ปี ),ปีใหม่,เพื่อน,เครื่องประดับ
หญิง,วัยรุ่น ( 13 - 18 ปี ),ปีใหม่,เพื่อน,เครื่องประดับ
หญิง,วัยรุ่น ( 13 - 18 ปี ),ปีใหม่,เพื่อน,เครื่องประดับ
หญิง,วัยรุ่น ( 13 - 18 ปี ),ปีใหม่,เพื่อน,เครื่องประดับ
หญิง,วัยรุ่น ( 13 - 18 ปี ),ปีใหม่,เพื่อน,เครื่องประดับ
หญิง,วัยรุ่น ( 13 - 18 ปี ),ปีใหม่,เพื่อน,เครื่องประดับ
หญิง,วัยรุ่น ( 13 - 18 ปี ),ปีใหม่,เพื่อน,เครื่องประดับ
ชาย,วัยรุ่น ( 13 - 18 ปี ),ปีใหม่,เพื่อน,เครื่องประดับ
ชาย,วัยรุ่น ( 13 - 18 ปี ),ปีใหม่,เพื่อน,เครื่องประดับ
ชาย,วัยรุ่น ( 13 - 18 ปี ),ปีใหม่,เพื่อน,เครื่องประดับ
ชาย,วัยรุ่น ( 13 - 18 ปี ),ปีใหม่,เพื่อน,เครื่องประดับ
ชาย,วัยรุ่น ( 13 - 18 ปี ),ปีใหม่,เพื่อน,เครื่องประดับ
ชาย,วัยรุ่น ( 13 - 18 ปี ),ปีใหม่,เพื่อน,เครื่องประดับ
ชาย,วัยรุ่น ( 13 - 18 ปี ),ปีใหม่,เพื่อน,เครื่องประดับ
ชาย,วัยรุ่น ( 13 - 18 ปี ),ปีใหม่,เพื่อน,เครื่องประดับ
ชาย,วัยรุ่น ( 13 - 18 ปี ),ปีใหม่,เพื่อน,เครื่องประดับ
หญิง,วัยรุ่น ( 13 - 18 ปี ),ปีใหม่,เพื่อน,เครื่องประดับ
หญิง,วัยรุ่น ( 13 - 18 ปี ),ปีใหม่,เพื่อน,เครื่องประดับ
หญิง,วัยรุ่น ( 13 - 18 ปี ),ปีใหม่,เพื่อน,เครื่องประดับ
หญิง,วัยรุ่น ( 13 - 18 ปี ),ปีใหม่,เพื่อน,เครื่องประดับ
หญิง,วัยรุ่น ( 13 - 18 ปี ),ปีใหม่,เพื่อน,เครื่องประดับ
หญิง,วัยรุ่น ( 13 - 18 ปี ),ปีใหม่,เพื่อน,เครื่องประดับ
หญิง,วัยรุ่น ( 13 - 18 ปี ),ปีใหม่,เพื่อน,เครื่องประดับ
หญิง,วัยรุ่น ( 13 - 18 ปี ),ปีใหม่,เพื่อน,เครื่องประดับ
หญิง,วัยรุ่น ( 13 - 18 ปี ),ปีใหม่,เพื่อน,เครื่องประดับ
ชาย,ผู้ใหญ่ตอนต้น ( 19 - 35 ปี ),ปีใหม่,ครอบครัว,เครื่องประดับ
ชาย,ผู้ใหญ่ตอนต้น ( 19 - 35 ปี ),ปีใหม่,ครอบครัว,เครื่องประดับ
ชาย,ผู้ใหญ่ตอนต้น ( 19 - 35 ปี ),ปีใหม่,ครอบครัว,เครื่องประดับ
ชาย,ผู้ใหญ่ตอนต้น ( 19 - 35 ปี ),ปีใหม่,ครอบครัว,เครื่องประดับ
ชาย,ผู้ใหญ่ตอนต้น ( 19 - 35 ปี ),ปีใหม่,ครอบครัว,เครื่องประดับ
ชาย,ผู้ใหญ่ตอนต้น ( 19 - 35 ปี ),ปีใหม่,ครอบครัว,เครื่องประดับ
ชาย,ผู้ใหญ่ตอนต้น ( 19 - 35 ปี ),ปีใหม่,ครอบครัว,เครื่องประดับ
ชาย,ผู้ใหญ่ตอนต้น ( 19 - 35 ปี ),ปีใหม่,ครอบครัว,เครื่องประดับ
ชาย,ผู้ใหญ่ตอนต้น ( 19 - 35 ปี ),ปีใหม่,ครอบครัว,เครื่องประดับ
หญิง,ผู้ใหญ่ตอนต้น ( 19 - 35 ปี ),ปีใหม่,ครอบครัว,เครื่องประดับ
หญิง,ผู้ใหญ่ตอนต้น ( 19 - 35 ปี ),ปีใหม่,ครอบครัว,เครื่องประดับ
หญิง,ผู้ใหญ่ตอนต้น ( 19 - 35 ปี ),ปีใหม่,ครอบครัว,เครื่องประดับ
หญิง,ผู้ใหญ่ตอนต้น ( 19 - 35 ปี ),ปีใหม่,ครอบครัว,เครื่องประดับ
หญิง,ผู้ใหญ่ตอนต้น ( 19 - 35 ปี ),ปีใหม่,ครอบครัว,เครื่องประดับ
หญิง,ผู้ใหญ่ตอนต้น ( 19 - 35 ปี ),ปีใหม่,ครอบครัว,เครื่องประดับ
หญิง,ผู้ใหญ่ตอนต้น ( 19 - 35 ปี ),ปีใหม่,ครอบครัว,เครื่องประดับ
หญิง,ผู้ใหญ่ตอนต้น ( 19 - 35 ปี ),ปีใหม่,ครอบครัว,เครื่องประดับ
หญิง,ผู้ใหญ่ตอนต้น ( 19 - 35 ปี ),ปีใหม่,ครอบครัว,เครื่องประดับ
ชาย,ผู้ใหญ่ตอนต้น ( 19 - 35 ปี ),ปีใหม่,ครอบครัว,เครื่องประดับ
ชาย,ผู้ใหญ่ตอนต้น ( 19 - 35 ปี ),ปีใหม่,ครอบครัว,เครื่องประดับ
ชาย,ผู้ใหญ่ตอนต้น ( 19 - 35 ปี ),ปีใหม่,ครอบครัว,เครื่องประดับ
ชาย,ผู้ใหญ่ตอนต้น ( 19 - 35 ปี ),ปีใหม่,ครอบครัว,เครื่องประดับ
ชาย,ผู้ใหญ่ตอนต้น ( 19 - 35 ปี ),ปีใหม่,ครอบครัว,เครื่องประดับ
ชาย,ผู้ใหญ่ตอนต้น ( 19 - 35 ปี ),ปีใหม่,ครอบครัว,เครื่องประดับ
ชาย,ผู้ใหญ่ตอนต้น ( 19 - 35 ปี ),ปีใหม่,ครอบครัว,เครื่องประดับ
ชาย,ผู้ใหญ่ตอนต้น ( 19 - 35 ปี ),ปีใหม่,ครอบครัว,เครื่องประดับ
ชาย,ผู้ใหญ่ตอนต้น ( 19 - 35 ปี ),ปีใหม่,ครอบครัว,เครื่องประดับ
หญิง,ผู้ใหญ่ตอนต้น ( 19 - 35 ปี ),ปีใหม่,ครอบครัว,เครื่องประดับ
หญิง,ผู้ใหญ่ตอนต้น ( 19 - 35 ปี ),ปีใหม่,ครอบครัว,เครื่องประดับ
หญิง,ผู้ใหญ่ตอนต้น ( 19 - 35 ปี ),ปีใหม่,ครอบครัว,เครื่องประดับ
หญิง,ผู้ใหญ่ตอนต้น ( 19 - 35 ปี ),ปีใหม่,ครอบครัว,เครื่องประดับ
หญิง,ผู้ใหญ่ตอนต้น ( 19 - 35 ปี ),ปีใหม่,ครอบครัว,เครื่องประดับ
หญิง,ผู้ใหญ่ตอนต้น ( 19 - 35 ปี ),ปีใหม่,ครอบครัว,เครื่องประดับ
หญิง,ผู้ใหญ่ตอนต้น ( 19 - 35 ปี ),ปีใหม่,ครอบครัว,เครื่องประดับ
หญิง,ผู้ใหญ่ตอนต้น ( 19 - 35 ปี ),ปีใหม่,ครอบครัว,เครื่องประดับ
หญิง,ผู้ใหญ่ตอนต้น ( 19 - 35 ปี ),ปีใหม่,ครอบครัว,เครื่องประดับ
ชาย,วัยรุ่น ( 13 - 18 ปี ),ปีใหม่,เพื่อน,เครื่องประดับ
ชาย,วัยรุ่น ( 13 - 18 ปี ),ปีใหม่,เพื่อน,เครื่องประดับ
ชาย,วัยรุ่น ( 13 - 18 ปี ),ปีใหม่,เพื่อน,เครื่องประดับ
ชาย,วัยรุ่น ( 13 - 18 ปี ),ปีใหม่,เพื่อน,เครื่องประดับ
ชาย,วัยรุ่น ( 13 - 18 ปี ),ปีใหม่,เพื่อน,เครื่องประดับ
ชาย,วัยรุ่น ( 13 - 18 ปี ),ปีใหม่,เพื่อน,เครื่องประดับ
ชาย,วัยรุ่น ( 13 - 18 ปี ),ปีใหม่,เพื่อน,เครื่องประดับ
ชาย,วัยรุ่น ( 13 - 18 ปี ),ปีใหม่,เพื่อน,เครื่องประดับ
ชาย,วัยรุ่น ( 13 - 18 ปี ),ปีใหม่,เพื่อน,เครื่องประดับ
หญิง,วัยรุ่น ( 13 - 18 ปี ),ปีใหม่,เพื่อน,เครื่องประดับ
หญิง,วัยรุ่น ( 13 - 18 ปี ),ปีใหม่,เพื่อน,เครื่องประดับ
หญิง,วัยรุ่น ( 13 - 18 ปี ),ปีใหม่,เพื่อน,เครื่องประดับ
หญิง,วัยรุ่น ( 13 - 18 ปี ),ปีใหม่,เพื่อน,เครื่องประดับ
หญิง,วัยรุ่น ( 13 - 18 ปี ),ปีใหม่,เพื่อน,เครื่องประดับ
หญิง,วัยรุ่น ( 13 - 18 ปี ),ปีใหม่,เพื่อน,เครื่องประดับ
หญิง,วัยรุ่น ( 13 - 18 ปี ),ปีใหม่,เพื่อน,เครื่องประดับ
หญิง,วัยรุ่น ( 13 - 18 ปี ),ปีใหม่,เพื่อน,เครื่องประดับ
หญิง,วัยรุ่น ( 13 - 18 ปี ),ปีใหม่,เพื่อน,เครื่องประดับ
ชาย,วัยรุ่น ( 13 - 18 ปี ),ปีใหม่,เพื่อน,เครื่องประดับ
ชาย,วัยรุ่น ( 13 - 18 ปี ),ปีใหม่,เพื่อน,เครื่องประดับ
ชาย,วัยรุ่น ( 13 - 18 ปี ),ปีใหม่,เพื่อน,เครื่องประดับ
ชาย,วัยรุ่น ( 13 - 18 ปี ),ปีใหม่,เพื่อน,เครื่องประดับ
ชาย,วัยรุ่น ( 13 - 18 ปี ),ปีใหม่,เพื่อน,เครื่องประดับ
ชาย,วัยรุ่น ( 13 - 18 ปี ),ปีใหม่,เพื่อน,เครื่องประดับ
ชาย,วัยรุ่น ( 13 - 18 ปี ),ปีใหม่,เพื่อน,เครื่องประดับ
ชาย,วัยรุ่น ( 13 - 18 ปี ),ปีใหม่,เพื่อน,เครื่องประดับ
ชาย,วัยรุ่น ( 13 - 18 ปี ),ปีใหม่,เพื่อน,เครื่องประดับ
หญิง,วัยรุ่น ( 13 - 18 ปี ),ปีใหม่,เพื่อน,เครื่องประดับ
หญิง,วัยรุ่น ( 13 - 18 ปี ),ปีใหม่,เพื่อน,เครื่องประดับ
หญิง,วัยรุ่น ( 13 - 18 ปี ),ปีใหม่,เพื่อน,เครื่องประดับ
หญิง,วัยรุ่น ( 13 - 18 ปี ),ปีใหม่,เพื่อน,เครื่องประดับ
หญิง,วัยรุ่น ( 13 - 18 ปี ),ปีใหม่,เพื่อน,เครื่องประดับ
หญิง,วัยรุ่น ( 13 - 18 ปี ),ปีใหม่,เพื่อน,เครื่องประดับ
หญิง,วัยรุ่น ( 13 - 18 ปี ),ปีใหม่,เพื่อน,เครื่องประดับ
หญิง,วัยรุ่น ( 13 - 18 ปี ),ปีใหม่,เพื่อน,เครื่องประดับ
หญิง,วัยรุ่น ( 13 - 18 ปี ),ปีใหม่,เพื่อน,เครื่องประดับ
ชาย,วัยรุ่น ( 13 - 18 ปี ),ปีใหม่,เพื่อน,เครื่องประดับ
ชาย,วัยรุ่น ( 13 - 18 ปี ),ปีใหม่,เพื่อน,เครื่องประดับ
ชาย,วัยรุ่น ( 13 - 18 ปี ),ปีใหม่,เพื่อน,เครื่องประดับ
ชาย,วัยรุ่น ( 13 - 18 ปี ),ปีใหม่,เพื่อน,เครื่องประดับ
ชาย,วัยรุ่น ( 13 - 18 ปี ),ปีใหม่,เพื่อน,เครื่องประดับ
ชาย,วัยรุ่น ( 13 - 18 ปี ),ปีใหม่,เพื่อน,เครื่องประดับ
ชาย,วัยรุ่น ( 13 - 18 ปี ),ปีใหม่,เพื่อน,เครื่องประดับ
ชาย,วัยรุ่น ( 13 - 18 ปี ),ปีใหม่,เพื่อน,เครื่องประดับ
ชาย,วัยรุ่น ( 13 - 18 ปี ),ปีใหม่,เพื่อน,เครื่องประดับ
หญิง,วัยรุ่น ( 13 - 18 ปี ),ปีใหม่,เพื่อน,เครื่องประดับ
หญิง,วัยรุ่น ( 13 - 18 ปี ),ปีใหม่,เพื่อน,เครื่องประดับ
หญิง,วัยรุ่น ( 13 - 18 ปี ),ปีใหม่,เพื่อน,เครื่องประดับ
หญิง,วัยรุ่น ( 13 - 18 ปี ),ปีใหม่,เพื่อน,เครื่องประดับ
หญิง,วัยรุ่น ( 13 - 18 ปี ),ปีใหม่,เพื่อน,เครื่องประดับ
หญิง,วัยรุ่น ( 13 - 18 ปี ),ปีใหม่,เพื่อน,เครื่องประดับ
หญิง,วัยรุ่น ( 13 - 18 ปี ),ปีใหม่,เพื่อน,เครื่องประดับ
หญิง,วัยรุ่น ( 13 - 18 ปี ),ปีใหม่,เพื่อน,เครื่องประดับ
หญิง,วัยรุ่น ( 13 - 18 ปี ),ปีใหม่,เพื่อน,เครื่องประดับ
ชาย,ผู้ใหญ่ตอนต้น ( 19 - 35 ปี ),ปีใหม่,ครอบครัว,เครื่องประดับ
ชาย,ผู้ใหญ่ตอนต้น ( 19 - 35 ปี ),ปีใหม่,ครอบครัว,เครื่องประดับ
ชาย,ผู้ใหญ่ตอนต้น ( 19 - 35 ปี ),ปีใหม่,ครอบครัว,เครื่องประดับ
ชาย,ผู้ใหญ่ตอนต้น ( 19 - 35 ปี ),ปีใหม่,ครอบครัว,เครื่องประดับ
ชาย,ผู้ใหญ่ตอนต้น ( 19 - 35 ปี ),ปีใหม่,ครอบครัว,เครื่องประดับ
ชาย,ผู้ใหญ่ตอนต้น ( 19 - 35 ปี ),ปีใหม่,ครอบครัว,เครื่องประดับ
ชาย,ผู้ใหญ่ตอนต้น ( 19 - 35 ปี ),ปีใหม่,ครอบครัว,เครื่องประดับ
ชาย,ผู้ใหญ่ตอนต้น ( 19 - 35 ปี ),ปีใหม่,ครอบครัว,เครื่องประดับ
ชาย,ผู้ใหญ่ตอนต้น ( 19 - 35 ปี ),ปีใหม่,ครอบครัว,เครื่องประดับ
หญิง,ผู้ใหญ่ตอนต้น ( 19 - 35 ปี ),ปีใหม่,ครอบครัว,เครื่องประดับ
หญิง,ผู้ใหญ่ตอนต้น ( 19 - 35 ปี ),ปีใหม่,ครอบครัว,เครื่องประดับ
หญิง,ผู้ใหญ่ตอนต้น ( 19 - 35 ปี ),ปีใหม่,ครอบครัว,เครื่องประดับ
หญิง,ผู้ใหญ่ตอนต้น ( 19 - 35 ปี ),ปีใหม่,ครอบครัว,เครื่องประดับ
หญิง,ผู้ใหญ่ตอนต้น ( 19 - 35 ปี ),ปีใหม่,ครอบครัว,เครื่องประดับ
หญิง,ผู้ใหญ่ตอนต้น ( 19 - 35 ปี ),ปีใหม่,ครอบครัว,เครื่องประดับ
หญิง,ผู้ใหญ่ตอนต้น ( 19 - 35 ปี ),ปีใหม่,ครอบครัว,เครื่องประดับ
หญิง,ผู้ใหญ่ตอนต้น ( 19 - 35 ปี ),ปีใหม่,ครอบครัว,เครื่องประดับ
หญิง,ผู้ใหญ่ตอนต้น ( 19 - 35 ปี ),ปีใหม่,ครอบครัว,เครื่องประดับ
ชาย,ผู้ใหญ่ตอนต้น ( 19 - 35 ปี ),ปีใหม่,ครอบครัว,เครื่องประดับ
ชาย,ผู้ใหญ่ตอนต้น ( 19 - 35 ปี ),ปีใหม่,ครอบครัว,เครื่องประดับ
ชาย,ผู้ใหญ่ตอนต้น ( 19 - 35 ปี ),ปีใหม่,ครอบครัว,เครื่องประดับ
ชาย,ผู้ใหญ่ตอนต้น ( 19 - 35 ปี ),ปีใหม่,ครอบครัว,เครื่องประดับ
ชาย,ผู้ใหญ่ตอนต้น ( 19 - 35 ปี ),ปีใหม่,ครอบครัว,เครื่องประดับ
ชาย,ผู้ใหญ่ตอนต้น ( 19 - 35 ปี ),ปีใหม่,ครอบครัว,เครื่องประดับ
ชาย,ผู้ใหญ่ตอนต้น ( 19 - 35 ปี ),ปีใหม่,ครอบครัว,เครื่องประดับ
ชาย,ผู้ใหญ่ตอนต้น ( 19 - 35 ปี ),ปีใหม่,ครอบครัว,เครื่องประดับ
ชาย,ผู้ใหญ่ตอนต้น ( 19 - 35 ปี ),ปีใหม่,ครอบครัว,เครื่องประดับ
หญิง,ผู้ใหญ่ตอนต้น ( 19 - 35 ปี ),ปีใหม่,ครอบครัว,เครื่องประดับ
หญิง,ผู้ใหญ่ตอนต้น ( 19 - 35 ปี ),ปีใหม่,ครอบครัว,เครื่องประดับ
หญิง,ผู้ใหญ่ตอนต้น ( 19 - 35 ปี ),ปีใหม่,ครอบครัว,เครื่องประดับ
หญิง,ผู้ใหญ่ตอนต้น ( 19 - 35 ปี ),ปีใหม่,ครอบครัว,เครื่องประดับ
หญิง,ผู้ใหญ่ตอนต้น ( 19 - 35 ปี ),ปีใหม่,ครอบครัว,เครื่องประดับ
หญิง,ผู้ใหญ่ตอนต้น ( 19 - 35 ปี ),ปีใหม่,ครอบครัว,เครื่องประดับ
หญิง,ผู้ใหญ่ตอนต้น ( 19 - 35 ปี ),ปีใหม่,ครอบครัว,เครื่องประดับ
หญิง,ผู้ใหญ่ตอนต้น ( 19 - 35 ปี ),ปีใหม่,ครอบครัว,เครื่องประดับ
หญิง,ผู้ใหญ่ตอนต้น ( 19 - 35 ปี ),ปีใหม่,ครอบครัว,เครื่องประดับ
ชาย,วัยรุ่น ( 13 - 18 ปี ),ปีใหม่,เพื่อน,เครื่องประดับ
ชาย,วัยรุ่น ( 13 - 18 ปี ),ปีใหม่,เพื่อน,เครื่องประดับ
ชาย,วัยรุ่น ( 13 - 18 ปี ),ปีใหม่,เพื่อน,เครื่องประดับ
ชาย,วัยรุ่น ( 13 - 18 ปี ),ปีใหม่,เพื่อน,เครื่องประดับ
ชาย,วัยรุ่น ( 13 - 18 ปี ),ปีใหม่,เพื่อน,เครื่องประดับ
ชาย,วัยรุ่น ( 13 - 18 ปี ),ปีใหม่,เพื่อน,เครื่องประดับ
ชาย,วัยรุ่น ( 13 - 18 ปี ),ปีใหม่,เพื่อน,เครื่องประดับ
ชาย,วัยรุ่น ( 13 - 18 ปี ),ปีใหม่,เพื่อน,เครื่องประดับ
ชาย,วัยรุ่น ( 13 - 18 ปี ),ปีใหม่,เพื่อน,เครื่องประดับ
หญิง,วัยรุ่น ( 13 - 18 ปี ),ปีใหม่,เพื่อน,เครื่องประดับ
หญิง,วัยรุ่น ( 13 - 18 ปี ),ปีใหม่,เพื่อน,เครื่องประดับ
หญิง,วัยรุ่น ( 13 - 18 ปี ),ปีใหม่,เพื่อน,เครื่องประดับ
หญิง,วัยรุ่น ( 13 - 18 ปี ),ปีใหม่,เพื่อน,เครื่องประดับ
หญิง,วัยรุ่น ( 13 - 18 ปี ),ปีใหม่,เพื่อน,เครื่องประดับ
หญิง,วัยรุ่น ( 13 - 18 ปี ),ปีใหม่,เพื่อน,เครื่องประดับ
หญิง,วัยรุ่น ( 13 - 18 ปี ),ปีใหม่,เพื่อน,เครื่องประดับ
หญิง,วัยรุ่น ( 13 - 18 ปี ),ปีใหม่,เพื่อน,เครื่องประดับ
หญิง,วัยรุ่น ( 13 - 18 ปี ),ปีใหม่,เพื่อน,เครื่องประดับ
ชาย,วัยรุ่น ( 13 - 18 ปี ),ปีใหม่,เพื่อน,เครื่องประดับ
ชาย,วัยรุ่น ( 13 - 18 ปี ),ปีใหม่,เพื่อน,เครื่องประดับ
ชาย,วัยรุ่น ( 13 - 18 ปี ),ปีใหม่,เพื่อน,เครื่องประดับ
ชาย,วัยรุ่น ( 13 - 18 ปี ),ปีใหม่,เพื่อน,เครื่องประดับ
ชาย,วัยรุ่น ( 13 - 18 ปี ),ปีใหม่,เพื่อน,เครื่องประดับ
ชาย,วัยรุ่น ( 13 - 18 ปี ),ปีใหม่,เพื่อน,เครื่องประดับ
ชาย,วัยรุ่น ( 13 - 18 ปี ),ปีใหม่,เพื่อน,เครื่องประดับ
ชาย,วัยรุ่น ( 13 - 18 ปี ),ปีใหม่,เพื่อน,เครื่องประดับ
ชาย,วัยรุ่น ( 13 - 18 ปี ),ปีใหม่,เพื่อน,เครื่องประดับ
หญิง,วัยรุ่น ( 13 - 18 ปี ),ปีใหม่,เพื่อน,เครื่องประดับ
หญิง,วัยรุ่น ( 13 - 18 ปี ),ปีใหม่,เพื่อน,เครื่องประดับ
หญิง,วัยรุ่น ( 13 - 18 ปี ),ปีใหม่,เพื่อน,เครื่องประดับ
หญิง,วัยรุ่น ( 13 - 18 ปี ),ปีใหม่,เพื่อน,เครื่องประดับ
หญิง,วัยรุ่น ( 13 - 18 ปี ),ปีใหม่,เพื่อน,เครื่องประดับ
หญิง,วัยรุ่น ( 13 - 18 ปี ),ปีใหม่,เพื่อน,เครื่องประดับ
หญิง,วัยรุ่น ( 13 - 18 ปี ),ปีใหม่,เพื่อน,เครื่องประดับ
หญิง,วัยรุ่น ( 13 - 18 ปี ),ปีใหม่,เพื่อน,เครื่องประดับ
หญิง,วัยรุ่น ( 13 - 18 ปี ),ปีใหม่,เพื่อน,เครื่องประดับ
ชาย,วัยรุ่น ( 13 - 18 ปี ),ปีใหม่,เพื่อน,เครื่องประดับ
ชาย,วัยรุ่น ( 13 - 18 ปี ),ปีใหม่,เพื่อน,เครื่องประดับ
ชาย,วัยรุ่น ( 13 - 18 ปี ),ปีใหม่,เพื่อน,เครื่องประดับ
ชาย,วัยรุ่น ( 13 - 18 ปี ),ปีใหม่,เพื่อน,เครื่องประดับ
ชาย,วัยรุ่น ( 13 - 18 ปี ),ปีใหม่,เพื่อน,เครื่องประดับ
ชาย,วัยรุ่น ( 13 - 18 ปี ),ปีใหม่,เพื่อน,เครื่องประดับ
ชาย,วัยรุ่น ( 13 - 18 ปี ),ปีใหม่,เพื่อน,เครื่องประดับ
ชาย,วัยรุ่น ( 13 - 18 ปี ),ปีใหม่,เพื่อน,เครื่องประดับ
ชาย,วัยรุ่น ( 13 - 18 ปี ),ปีใหม่,เพื่อน,เครื่องประดับ
หญิง,วัยรุ่น ( 13 - 18 ปี ),ปีใหม่,เพื่อน,เครื่องประดับ
หญิง,วัยรุ่น ( 13 - 18 ปี ),ปีใหม่,เพื่อน,เครื่องประดับ
หญิง,วัยรุ่น ( 13 - 18 ปี ),ปีใหม่,เพื่อน,เครื่องประดับ
หญิง,วัยรุ่น ( 13 - 18 ปี ),ปีใหม่,เพื่อน,เครื่องประดับ
หญิง,วัยรุ่น ( 13 - 18 ปี ),ปีใหม่,เพื่อน,เครื่องประดับ
หญิง,วัยรุ่น ( 13 - 18 ปี ),ปีใหม่,เพื่อน,เครื่องประดับ
หญิง,วัยรุ่น ( 13 - 18 ปี ),ปีใหม่,เพื่อน,เครื่องประดับ
หญิง,วัยรุ่น ( 13 - 18 ปี ),ปีใหม่,เพื่อน,เครื่องประดับ
หญิง,วัยรุ่น ( 13 - 18 ปี ),ปีใหม่,เพื่อน,เครื่องประดับ
ชาย,ผู้ใหญ่ตอนต้น ( 19 - 35 ปี ),ปีใหม่,ครอบครัว,เครื่องประดับ
ชาย,ผู้ใหญ่ตอนต้น ( 19 - 35 ปี ),ปีใหม่,ครอบครัว,เครื่องประดับ
ชาย,ผู้ใหญ่ตอนต้น ( 19 - 35 ปี ),ปีใหม่,ครอบครัว,เครื่องประดับ
ชาย,ผู้ใหญ่ตอนต้น ( 19 - 35 ปี ),ปีใหม่,ครอบครัว,เครื่องประดับ
ชาย,ผู้ใหญ่ตอนต้น ( 19 - 35 ปี ),ปีใหม่,ครอบครัว,เครื่องประดับ
ชาย,ผู้ใหญ่ตอนต้น ( 19 - 35 ปี ),ปีใหม่,ครอบครัว,เครื่องประดับ
ชาย,ผู้ใหญ่ตอนต้น ( 19 - 35 ปี ),ปีใหม่,ครอบครัว,เครื่องประดับ
ชาย,ผู้ใหญ่ตอนต้น ( 19 - 35 ปี ),ปีใหม่,ครอบครัว,เครื่องประดับ
ชาย,ผู้ใหญ่ตอนต้น ( 19 - 35 ปี ),ปีใหม่,ครอบครัว,เครื่องประดับ
หญิง,ผู้ใหญ่ตอนต้น ( 19 - 35 ปี ),ปีใหม่,ครอบครัว,เครื่องประดับ
หญิง,ผู้ใหญ่ตอนต้น ( 19 - 35 ปี ),ปีใหม่,ครอบครัว,เครื่องประดับ
หญิง,ผู้ใหญ่ตอนต้น ( 19 - 35 ปี ),ปีใหม่,ครอบครัว,เครื่องประดับ
หญิง,ผู้ใหญ่ตอนต้น ( 19 - 35 ปี ),ปีใหม่,ครอบครัว,เครื่องประดับ
หญิง,ผู้ใหญ่ตอนต้น ( 19 - 35 ปี ),ปีใหม่,ครอบครัว,เครื่องประดับ
หญิง,ผู้ใหญ่ตอนต้น ( 19 - 35 ปี ),ปีใหม่,ครอบครัว,เครื่องประดับ
หญิง,ผู้ใหญ่ตอนต้น ( 19 - 35 ปี ),ปีใหม่,ครอบครัว,เครื่องประดับ
หญิง,ผู้ใหญ่ตอนต้น ( 19 - 35 ปี ),ปีใหม่,ครอบครัว,เครื่องประดับ
หญิง,ผู้ใหญ่ตอนต้น ( 19 - 35 ปี ),ปีใหม่,ครอบครัว,เครื่องประดับ
ชาย,ผู้ใหญ่ตอนต้น ( 19 - 35 ปี ),ปีใหม่,ครอบครัว,เครื่องประดับ
ชาย,ผู้ใหญ่ตอนต้น ( 19 - 35 ปี ),ปีใหม่,ครอบครัว,เครื่องประดับ
ชาย,ผู้ใหญ่ตอนต้น ( 19 - 35 ปี ),ปีใหม่,ครอบครัว,เครื่องประดับ
ชาย,ผู้ใหญ่ตอนต้น ( 19 - 35 ปี ),ปีใหม่,ครอบครัว,เครื่องประดับ
ชาย,ผู้ใหญ่ตอนต้น ( 19 - 35 ปี ),ปีใหม่,ครอบครัว,เครื่องประดับ
ชาย,ผู้ใหญ่ตอนต้น ( 19 - 35 ปี ),ปีใหม่,ครอบครัว,เครื่องประดับ
ชาย,ผู้ใหญ่ตอนต้น ( 19 - 35 ปี ),ปีใหม่,ครอบครัว,เครื่องประดับ
ชาย,ผู้ใหญ่ตอนต้น ( 19 - 35 ปี ),ปีใหม่,ครอบครัว,เครื่องประดับ
ชาย,ผู้ใหญ่ตอนต้น ( 19 - 35 ปี ),ปีใหม่,ครอบครัว,เครื่องประดับ
หญิง,ผู้ใหญ่ตอนต้น ( 19 - 35 ปี ),ปีใหม่,ครอบครัว,เครื่องประดับ
หญิง,ผู้ใหญ่ตอนต้น ( 19 - 35 ปี ),ปีใหม่,ครอบครัว,เครื่องประดับ
หญิง,ผู้ใหญ่ตอนต้น ( 19 - 35 ปี ),ปีใหม่,ครอบครัว,เครื่องประดับ
หญิง,ผู้ใหญ่ตอนต้น ( 19 - 35 ปี ),ปีใหม่,ครอบครัว,เครื่องประดับ
หญิง,ผู้ใหญ่ตอนต้น ( 19 - 35 ปี ),ปีใหม่,ครอบครัว,เครื่องประดับ
หญิง,ผู้ใหญ่ตอนต้น ( 19 - 35 ปี ),ปีใหม่,ครอบครัว,เครื่องประดับ
หญิง,ผู้ใหญ่ตอนต้น ( 19 - 35 ปี ),ปีใหม่,ครอบครัว,เครื่องประดับ
หญิง,ผู้ใหญ่ตอนต้น ( 19 - 35 ปี ),ปีใหม่,ครอบครัว,เครื่องประดับ
หญิง,ผู้ใหญ่ตอนต้น ( 19 - 35 ปี ),ปีใหม่,ครอบครัว,เครื่องประดับ
ชาย,วัยรุ่น ( 13 - 18 ปี ),ปีใหม่,เพื่อน,เครื่องประดับ
ชาย,วัยรุ่น ( 13 - 18 ปี ),ปีใหม่,เพื่อน,เครื่องประดับ
ชาย,วัยรุ่น ( 13 - 18 ปี ),ปีใหม่,เพื่อน,เครื่องประดับ
ชาย,วัยรุ่น ( 13 - 18 ปี ),ปีใหม่,เพื่อน,เครื่องประดับ
ชาย,วัยรุ่น ( 13 - 18 ปี ),ปีใหม่,เพื่อน,เครื่องประดับ
ชาย,วัยรุ่น ( 13 - 18 ปี ),ปีใหม่,เพื่อน,เครื่องประดับ
ชาย,วัยรุ่น ( 13 - 18 ปี ),ปีใหม่,เพื่อน,เครื่องประดับ
ชาย,วัยรุ่น ( 13 - 18 ปี ),ปีใหม่,เพื่อน,เครื่องประดับ
ชาย,วัยรุ่น ( 13 - 18 ปี ),ปีใหม่,เพื่อน,เครื่องประดับ
หญิง,วัยรุ่น ( 13 - 18 ปี ),ปีใหม่,เพื่อน,เครื่องประดับ
หญิง,วัยรุ่น ( 13 - 18 ปี ),ปีใหม่,เพื่อน,เครื่องประดับ
หญิง,วัยรุ่น ( 13 - 18 ปี ),ปีใหม่,เพื่อน,เครื่องประดับ
หญิง,วัยรุ่น ( 13 - 18 ปี ),ปีใหม่,เพื่อน,เครื่องประดับ
หญิง,วัยรุ่น ( 13 - 18 ปี ),ปีใหม่,เพื่อน,เครื่องประดับ
หญิง,วัยรุ่น ( 13 - 18 ปี ),ปีใหม่,เพื่อน,เครื่องประดับ
หญิง,วัยรุ่น ( 13 - 18 ปี ),ปีใหม่,เพื่อน,เครื่องประดับ
หญิง,วัยรุ่น ( 13 - 18 ปี ),ปีใหม่,เพื่อน,เครื่องประดับ
หญิง,วัยรุ่น ( 13 - 18 ปี ),ปีใหม่,เพื่อน,เครื่องประดับ
ชาย,วัยรุ่น ( 13 - 18 ปี ),ปีใหม่,เพื่อน,เครื่องประดับ
ชาย,วัยรุ่น ( 13 - 18 ปี ),ปีใหม่,เพื่อน,เครื่องประดับ
ชาย,วัยรุ่น ( 13 - 18 ปี ),ปีใหม่,เพื่อน,เครื่องประดับ
ชาย,วัยรุ่น ( 13 - 18 ปี ),ปีใหม่,เพื่อน,เครื่องประดับ
ชาย,วัยรุ่น ( 13 - 18 ปี ),ปีใหม่,เพื่อน,เครื่องประดับ
ชาย,วัยรุ่น ( 13 - 18 ปี ),ปีใหม่,เพื่อน,เครื่องประดับ
ชาย,วัยรุ่น ( 13 - 18 ปี ),ปีใหม่,เพื่อน,เครื่องประดับ
ชาย,วัยรุ่น ( 13 - 18 ปี ),ปีใหม่,เพื่อน,เครื่องประดับ
ชาย,วัยรุ่น ( 13 - 18 ปี ),ปีใหม่,เพื่อน,เครื่องประดับ
หญิง,วัยรุ่น ( 13 - 18 ปี ),ปีใหม่,เพื่อน,เครื่องประดับ
หญิง,วัยรุ่น ( 13 - 18 ปี ),ปีใหม่,เพื่อน,เครื่องประดับ
หญิง,วัยรุ่น ( 13 - 18 ปี ),ปีใหม่,เพื่อน,เครื่องประดับ
หญิง,วัยรุ่น ( 13 - 18 ปี ),ปีใหม่,เพื่อน,เครื่องประดับ
หญิง,วัยรุ่น ( 13 - 18 ปี ),ปีใหม่,เพื่อน,เครื่องประดับ
หญิง,วัยรุ่น ( 13 - 18 ปี ),ปีใหม่,เพื่อน,เครื่องประดับ
หญิง,วัยรุ่น ( 13 - 18 ปี ),ปีใหม่,เพื่อน,เครื่องประดับ
หญิง,วัยรุ่น ( 13 - 18 ปี ),ปีใหม่,เพื่อน,เครื่องประดับ
หญิง,วัยรุ่น ( 13 - 18 ปี ),ปีใหม่,เพื่อน,เครื่องประดับ
ชาย,วัยรุ่น ( 13 - 18 ปี ),ปีใหม่,เพื่อน,เครื่องประดับ
ชาย,วัยรุ่น ( 13 - 18 ปี ),ปีใหม่,เพื่อน,เครื่องประดับ
ชาย,วัยรุ่น ( 13 - 18 ปี ),ปีใหม่,เพื่อน,เครื่องประดับ
ชาย,วัยรุ่น ( 13 - 18 ปี ),ปีใหม่,เพื่อน,เครื่องประดับ
ชาย,วัยรุ่น ( 13 - 18 ปี ),ปีใหม่,เพื่อน,เครื่องประดับ
ชาย,วัยรุ่น ( 13 - 18 ปี ),ปีใหม่,เพื่อน,เครื่องประดับ
ชาย,วัยรุ่น ( 13 - 18 ปี ),ปีใหม่,เพื่อน,เครื่องประดับ
ชาย,วัยรุ่น ( 13 - 18 ปี ),ปีใหม่,เพื่อน,เครื่องประดับ
ชาย,วัยรุ่น ( 13 - 18 ปี ),ปีใหม่,เพื่อน,เครื่องประดับ
หญิง,วัยรุ่น ( 13 - 18 ปี ),ปีใหม่,เพื่อน,เครื่องประดับ
หญิง,วัยรุ่น ( 13 - 18 ปี ),ปีใหม่,เพื่อน,เครื่องประดับ
หญิง,วัยรุ่น ( 13 - 18 ปี ),ปีใหม่,เพื่อน,เครื่องประดับ
หญิง,วัยรุ่น ( 13 - 18 ปี ),ปีใหม่,เพื่อน,เครื่องประดับ
หญิง,วัยรุ่น ( 13 - 18 ปี ),ปีใหม่,เพื่อน,เครื่องประดับ
หญิง,วัยรุ่น ( 13 - 18 ปี ),ปีใหม่,เพื่อน,เครื่องประดับ
หญิง,วัยรุ่น ( 13 - 18 ปี ),ปีใหม่,เพื่อน,เครื่องประดับ
หญิง,วัยรุ่น ( 13 - 18 ปี ),ปีใหม่,เพื่อน,เครื่องประดับ
หญิง,วัยรุ่น ( 13 - 18 ปี ),ปีใหม่,เพื่อน,เครื่องประดับ
ชาย,ผู้ใหญ่ตอนต้น ( 19 - 35 ปี ),ปีใหม่,ครอบครัว,เครื่องประดับ
ชาย,ผู้ใหญ่ตอนต้น ( 19 - 35 ปี ),ปีใหม่,ครอบครัว,เครื่องประดับ
ชาย,ผู้ใหญ่ตอนต้น ( 19 - 35 ปี ),ปีใหม่,ครอบครัว,เครื่องประดับ
ชาย,ผู้ใหญ่ตอนต้น ( 19 - 35 ปี ),ปีใหม่,ครอบครัว,เครื่องประดับ
ชาย,ผู้ใหญ่ตอนต้น ( 19 - 35 ปี ),ปีใหม่,ครอบครัว,เครื่องประดับ
ชาย,ผู้ใหญ่ตอนต้น ( 19 - 35 ปี ),ปีใหม่,ครอบครัว,เครื่องประดับ
ชาย,ผู้ใหญ่ตอนต้น ( 19 - 35 ปี ),ปีใหม่,ครอบครัว,เครื่องประดับ
ชาย,ผู้ใหญ่ตอนต้น ( 19 - 35 ปี ),ปีใหม่,ครอบครัว,เครื่องประดับ
ชาย,ผู้ใหญ่ตอนต้น ( 19 - 35 ปี ),ปีใหม่,ครอบครัว,เครื่องประดับ
หญิง,ผู้ใหญ่ตอนต้น ( 19 - 35 ปี ),ปีใหม่,ครอบครัว,เครื่องประดับ
หญิง,ผู้ใหญ่ตอนต้น ( 19 - 35 ปี ),ปีใหม่,ครอบครัว,เครื่องประดับ
หญิง,ผู้ใหญ่ตอนต้น ( 19 - 35 ปี ),ปีใหม่,ครอบครัว,เครื่องประดับ
หญิง,ผู้ใหญ่ตอนต้น ( 19 - 35 ปี ),ปีใหม่,ครอบครัว,เครื่องประดับ
หญิง,ผู้ใหญ่ตอนต้น ( 19 - 35 ปี ),ปีใหม่,ครอบครัว,เครื่องประดับ
หญิง,ผู้ใหญ่ตอนต้น ( 19 - 35 ปี ),ปีใหม่,ครอบครัว,เครื่องประดับ
หญิง,ผู้ใหญ่ตอนต้น ( 19 - 35 ปี ),ปีใหม่,ครอบครัว,เครื่องประดับ
หญิง,ผู้ใหญ่ตอนต้น ( 19 - 35 ปี ),ปีใหม่,ครอบครัว,เครื่องประดับ
หญิง,ผู้ใหญ่ตอนต้น ( 19 - 35 ปี ),ปีใหม่,ครอบครัว,เครื่องประดับ
ชาย,ผู้ใหญ่ตอนต้น ( 19 - 35 ปี ),ปีใหม่,ครอบครัว,เครื่องประดับ
ชาย,ผู้ใหญ่ตอนต้น ( 19 - 35 ปี ),ปีใหม่,ครอบครัว,เครื่องประดับ
ชาย,ผู้ใหญ่ตอนต้น ( 19 - 35 ปี ),ปีใหม่,ครอบครัว,เครื่องประดับ
ชาย,ผู้ใหญ่ตอนต้น ( 19 - 35 ปี ),ปีใหม่,ครอบครัว,เครื่องประดับ
ชาย,ผู้ใหญ่ตอนต้น ( 19 - 35 ปี ),ปีใหม่,ครอบครัว,เครื่องประดับ
ชาย,ผู้ใหญ่ตอนต้น ( 19 - 35 ปี ),ปีใหม่,ครอบครัว,เครื่องประดับ
ชาย,ผู้ใหญ่ตอนต้น ( 19 - 35 ปี ),ปีใหม่,ครอบครัว,เครื่องประดับ
ชาย,ผู้ใหญ่ตอนต้น ( 19 - 35 ปี ),ปีใหม่,ครอบครัว,เครื่องประดับ
ชาย,ผู้ใหญ่ตอนต้น ( 19 - 35 ปี ),ปีใหม่,ครอบครัว,เครื่องประดับ
หญิง,ผู้ใหญ่ตอนต้น ( 19 - 35 ปี ),ปีใหม่,ครอบครัว,เครื่องประดับ
หญิง,ผู้ใหญ่ตอนต้น ( 19 - 35 ปี ),ปีใหม่,ครอบครัว,เครื่องประดับ
หญิง,ผู้ใหญ่ตอนต้น ( 19 - 35 ปี ),ปีใหม่,ครอบครัว,เครื่องประดับ
หญิง,ผู้ใหญ่ตอนต้น ( 19 - 35 ปี ),ปีใหม่,ครอบครัว,เครื่องประดับ
หญิง,ผู้ใหญ่ตอนต้น ( 19 - 35 ปี ),ปีใหม่,ครอบครัว,เครื่องประดับ
หญิง,ผู้ใหญ่ตอนต้น ( 19 - 35 ปี ),ปีใหม่,ครอบครัว,เครื่องประดับ
หญิง,ผู้ใหญ่ตอนต้น ( 19 - 35 ปี ),ปีใหม่,ครอบครัว,เครื่องประดับ
หญิง,ผู้ใหญ่ตอนต้น ( 19 - 35 ปี ),ปีใหม่,ครอบครัว,เครื่องประดับ
หญิง,ผู้ใหญ่ตอนต้น ( 19 - 35 ปี ),ปีใหม่,ครอบครัว,เครื่องประดับ
ชาย,วัยรุ่น ( 13 - 18 ปี ),ปีใหม่,เพื่อน,กระเป๋า
ชาย,วัยรุ่น ( 13 - 18 ปี ),ปีใหม่,เพื่อน,กระเป๋า
ชาย,วัยรุ่น ( 13 - 18 ปี ),ปีใหม่,เพื่อน,กระเป๋า
ชาย,วัยรุ่น ( 13 - 18 ปี ),ปีใหม่,เพื่อน,กระเป๋า
ชาย,วัยรุ่น ( 13 - 18 ปี ),ปีใหม่,เพื่อน,กระเป๋า
ชาย,วัยรุ่น ( 13 - 18 ปี ),ปีใหม่,เพื่อน,กระเป๋า
ชาย,วัยรุ่น ( 13 - 18 ปี ),ปีใหม่,เพื่อน,กระเป๋า
ชาย,วัยรุ่น ( 13 - 18 ปี ),ปีใหม่,เพื่อน,กระเป๋า
ชาย,วัยรุ่น ( 13 - 18 ปี ),ปีใหม่,เพื่อน,กระเป๋า
หญิง,วัยรุ่น ( 13 - 18 ปี ),ปีใหม่,เพื่อน,กระเป๋า
หญิง,วัยรุ่น ( 13 - 18 ปี ),ปีใหม่,เพื่อน,กระเป๋า
หญิง,วัยรุ่น ( 13 - 18 ปี ),ปีใหม่,เพื่อน,กระเป๋า
หญิง,วัยรุ่น ( 13 - 18 ปี ),ปีใหม่,เพื่อน,กระเป๋า
หญิง,วัยรุ่น ( 13 - 18 ปี ),ปีใหม่,เพื่อน,กระเป๋า
หญิง,วัยรุ่น ( 13 - 18 ปี ),ปีใหม่,เพื่อน,กระเป๋า
หญิง,วัยรุ่น ( 13 - 18 ปี ),ปีใหม่,เพื่อน,กระเป๋า
หญิง,วัยรุ่น ( 13 - 18 ปี ),ปีใหม่,เพื่อน,กระเป๋า
หญิง,วัยรุ่น ( 13 - 18 ปี ),ปีใหม่,เพื่อน,กระเป๋า
ชาย,วัยรุ่น ( 13 - 18 ปี ),ปีใหม่,เพื่อน,กระเป๋า
ชาย,วัยรุ่น ( 13 - 18 ปี ),ปีใหม่,เพื่อน,กระเป๋า
ชาย,วัยรุ่น ( 13 - 18 ปี ),ปีใหม่,เพื่อน,กระเป๋า
ชาย,วัยรุ่น ( 13 - 18 ปี ),ปีใหม่,เพื่อน,กระเป๋า
ชาย,วัยรุ่น ( 13 - 18 ปี ),ปีใหม่,เพื่อน,กระเป๋า
ชาย,วัยรุ่น ( 13 - 18 ปี ),ปีใหม่,เพื่อน,กระเป๋า
ชาย,วัยรุ่น ( 13 - 18 ปี ),ปีใหม่,เพื่อน,กระเป๋า
ชาย,วัยรุ่น ( 13 - 18 ปี ),ปีใหม่,เพื่อน,กระเป๋า
ชาย,วัยรุ่น ( 13 - 18 ปี ),ปีใหม่,เพื่อน,กระเป๋า
หญิง,วัยรุ่น ( 13 - 18 ปี ),ปีใหม่,เพื่อน,กระเป๋า
หญิง,วัยรุ่น ( 13 - 18 ปี ),ปีใหม่,เพื่อน,กระเป๋า
หญิง,วัยรุ่น ( 13 - 18 ปี ),ปีใหม่,เพื่อน,กระเป๋า
หญิง,วัยรุ่น ( 13 - 18 ปี ),ปีใหม่,เพื่อน,กระเป๋า
หญิง,วัยรุ่น ( 13 - 18 ปี ),ปีใหม่,เพื่อน,กระเป๋า
หญิง,วัยรุ่น ( 13 - 18 ปี ),ปีใหม่,เพื่อน,กระเป๋า
หญิง,วัยรุ่น ( 13 - 18 ปี ),ปีใหม่,เพื่อน,กระเป๋า
หญิง,วัยรุ่น ( 13 - 18 ปี ),ปีใหม่,เพื่อน,กระเป๋า
หญิง,วัยรุ่น ( 13 - 18 ปี ),ปีใหม่,เพื่อน,กระเป๋า
ชาย,วัยรุ่น ( 13 - 18 ปี ),ปีใหม่,เพื่อน,กระเป๋า
ชาย,วัยรุ่น ( 13 - 18 ปี ),ปีใหม่,เพื่อน,กระเป๋า
ชาย,วัยรุ่น ( 13 - 18 ปี ),ปีใหม่,เพื่อน,กระเป๋า
ชาย,วัยรุ่น ( 13 - 18 ปี ),ปีใหม่,เพื่อน,กระเป๋า
ชาย,วัยรุ่น ( 13 - 18 ปี ),ปีใหม่,เพื่อน,กระเป๋า
ชาย,วัยรุ่น ( 13 - 18 ปี ),ปีใหม่,เพื่อน,กระเป๋า
ชาย,วัยรุ่น ( 13 - 18 ปี ),ปีใหม่,เพื่อน,กระเป๋า
ชาย,วัยรุ่น ( 13 - 18 ปี ),ปีใหม่,เพื่อน,กระเป๋า
ชาย,วัยรุ่น ( 13 - 18 ปี ),ปีใหม่,เพื่อน,กระเป๋า
หญิง,วัยรุ่น ( 13 - 18 ปี ),ปีใหม่,เพื่อน,กระเป๋า
หญิง,วัยรุ่น ( 13 - 18 ปี ),ปีใหม่,เพื่อน,กระเป๋า
หญิง,วัยรุ่น ( 13 - 18 ปี ),ปีใหม่,เพื่อน,กระเป๋า
หญิง,วัยรุ่น ( 13 - 18 ปี ),ปีใหม่,เพื่อน,กระเป๋า
หญิง,วัยรุ่น ( 13 - 18 ปี ),ปีใหม่,เพื่อน,กระเป๋า
หญิง,วัยรุ่น ( 13 - 18 ปี ),ปีใหม่,เพื่อน,กระเป๋า
หญิง,วัยรุ่น ( 13 - 18 ปี ),ปีใหม่,เพื่อน,กระเป๋า
หญิง,วัยรุ่น ( 13 - 18 ปี ),ปีใหม่,เพื่อน,กระเป๋า
หญิง,วัยรุ่น ( 13 - 18 ปี ),ปีใหม่,เพื่อน,กระเป๋า
ชาย,ผู้ใหญ่ตอนต้น ( 19 - 35 ปี ),ปีใหม่,ครอบครัว,กระเป๋า
ชาย,ผู้ใหญ่ตอนต้น ( 19 - 35 ปี ),ปีใหม่,ครอบครัว,กระเป๋า
ชาย,ผู้ใหญ่ตอนต้น ( 19 - 35 ปี ),ปีใหม่,ครอบครัว,กระเป๋า
ชาย,ผู้ใหญ่ตอนต้น ( 19 - 35 ปี ),ปีใหม่,ครอบครัว,กระเป๋า
ชาย,ผู้ใหญ่ตอนต้น ( 19 - 35 ปี ),ปีใหม่,ครอบครัว,กระเป๋า
ชาย,ผู้ใหญ่ตอนต้น ( 19 - 35 ปี ),ปีใหม่,ครอบครัว,กระเป๋า
ชาย,ผู้ใหญ่ตอนต้น ( 19 - 35 ปี ),ปีใหม่,ครอบครัว,กระเป๋า
ชาย,ผู้ใหญ่ตอนต้น ( 19 - 35 ปี ),ปีใหม่,ครอบครัว,กระเป๋า
ชาย,ผู้ใหญ่ตอนต้น ( 19 - 35 ปี ),ปีใหม่,ครอบครัว,กระเป๋า
หญิง,ผู้ใหญ่ตอนต้น ( 19 - 35 ปี ),ปีใหม่,ครอบครัว,กระเป๋า
หญิง,ผู้ใหญ่ตอนต้น ( 19 - 35 ปี ),ปีใหม่,ครอบครัว,กระเป๋า
หญิง,ผู้ใหญ่ตอนต้น ( 19 - 35 ปี ),ปีใหม่,ครอบครัว,กระเป๋า
หญิง,ผู้ใหญ่ตอนต้น ( 19 - 35 ปี ),ปีใหม่,ครอบครัว,กระเป๋า
หญิง,ผู้ใหญ่ตอนต้น ( 19 - 35 ปี ),ปีใหม่,ครอบครัว,กระเป๋า
หญิง,ผู้ใหญ่ตอนต้น ( 19 - 35 ปี ),ปีใหม่,ครอบครัว,กระเป๋า
หญิง,ผู้ใหญ่ตอนต้น ( 19 - 35 ปี ),ปีใหม่,ครอบครัว,กระเป๋า
หญิง,ผู้ใหญ่ตอนต้น ( 19 - 35 ปี ),ปีใหม่,ครอบครัว,กระเป๋า
หญิง,ผู้ใหญ่ตอนต้น ( 19 - 35 ปี ),ปีใหม่,ครอบครัว,กระเป๋า
ชาย,ผู้ใหญ่ตอนต้น ( 19 - 35 ปี ),ปีใหม่,ครอบครัว,กระเป๋า
ชาย,ผู้ใหญ่ตอนต้น ( 19 - 35 ปี ),ปีใหม่,ครอบครัว,กระเป๋า
ชาย,ผู้ใหญ่ตอนต้น ( 19 - 35 ปี ),ปีใหม่,ครอบครัว,กระเป๋า
ชาย,ผู้ใหญ่ตอนต้น ( 19 - 35 ปี ),ปีใหม่,ครอบครัว,กระเป๋า
ชาย,ผู้ใหญ่ตอนต้น ( 19 - 35 ปี ),ปีใหม่,ครอบครัว,กระเป๋า
ชาย,ผู้ใหญ่ตอนต้น ( 19 - 35 ปี ),ปีใหม่,ครอบครัว,กระเป๋า
ชาย,ผู้ใหญ่ตอนต้น ( 19 - 35 ปี ),ปีใหม่,ครอบครัว,กระเป๋า
ชาย,ผู้ใหญ่ตอนต้น ( 19 - 35 ปี ),ปีใหม่,ครอบครัว,กระเป๋า
ชาย,ผู้ใหญ่ตอนต้น ( 19 - 35 ปี ),ปีใหม่,ครอบครัว,กระเป๋า
หญิง,ผู้ใหญ่ตอนต้น ( 19 - 35 ปี ),ปีใหม่,ครอบครัว,กระเป๋า
หญิง,ผู้ใหญ่ตอนต้น ( 19 - 35 ปี ),ปีใหม่,ครอบครัว,กระเป๋า
หญิง,ผู้ใหญ่ตอนต้น ( 19 - 35 ปี ),ปีใหม่,ครอบครัว,กระเป๋า
หญิง,ผู้ใหญ่ตอนต้น ( 19 - 35 ปี ),ปีใหม่,ครอบครัว,กระเป๋า
หญิง,ผู้ใหญ่ตอนต้น ( 19 - 35 ปี ),ปีใหม่,ครอบครัว,กระเป๋า
หญิง,ผู้ใหญ่ตอนต้น ( 19 - 35 ปี ),ปีใหม่,ครอบครัว,กระเป๋า
หญิง,ผู้ใหญ่ตอนต้น ( 19 - 35 ปี ),ปีใหม่,ครอบครัว,กระเป๋า
หญิง,ผู้ใหญ่ตอนต้น ( 19 - 35 ปี ),ปีใหม่,ครอบครัว,กระเป๋า
หญิง,ผู้ใหญ่ตอนต้น ( 19 - 35 ปี ),ปีใหม่,ครอบครัว,กระเป๋า
ชาย,วัยรุ่น ( 13 - 18 ปี ),ปีใหม่,เพื่อน,กระเป๋า
ชาย,วัยรุ่น ( 13 - 18 ปี ),ปีใหม่,เพื่อน,กระเป๋า
ชาย,วัยรุ่น ( 13 - 18 ปี ),ปีใหม่,เพื่อน,กระเป๋า
ชาย,วัยรุ่น ( 13 - 18 ปี ),ปีใหม่,เพื่อน,กระเป๋า
ชาย,วัยรุ่น ( 13 - 18 ปี ),ปีใหม่,เพื่อน,กระเป๋า
ชาย,วัยรุ่น ( 13 - 18 ปี ),ปีใหม่,เพื่อน,กระเป๋า
ชาย,วัยรุ่น ( 13 - 18 ปี ),ปีใหม่,เพื่อน,กระเป๋า
ชาย,วัยรุ่น ( 13 - 18 ปี ),ปีใหม่,เพื่อน,กระเป๋า
ชาย,วัยรุ่น ( 13 - 18 ปี ),ปีใหม่,เพื่อน,กระเป๋า
หญิง,วัยรุ่น ( 13 - 18 ปี ),ปีใหม่,เพื่อน,กระเป๋า
หญิง,วัยรุ่น ( 13 - 18 ปี ),ปีใหม่,เพื่อน,กระเป๋า
หญิง,วัยรุ่น ( 13 - 18 ปี ),ปีใหม่,เพื่อน,กระเป๋า
หญิง,วัยรุ่น ( 13 - 18 ปี ),ปีใหม่,เพื่อน,กระเป๋า
หญิง,วัยรุ่น ( 13 - 18 ปี ),ปีใหม่,เพื่อน,กระเป๋า
หญิง,วัยรุ่น ( 13 - 18 ปี ),ปีใหม่,เพื่อน,กระเป๋า
หญิง,วัยรุ่น ( 13 - 18 ปี ),ปีใหม่,เพื่อน,กระเป๋า
หญิง,วัยรุ่น ( 13 - 18 ปี ),ปีใหม่,เพื่อน,กระเป๋า
หญิง,วัยรุ่น ( 13 - 18 ปี ),ปีใหม่,เพื่อน,กระเป๋า
ชาย,วัยรุ่น ( 13 - 18 ปี ),ปีใหม่,เพื่อน,กระเป๋า
ชาย,วัยรุ่น ( 13 - 18 ปี ),ปีใหม่,เพื่อน,กระเป๋า
ชาย,วัยรุ่น ( 13 - 18 ปี ),ปีใหม่,เพื่อน,กระเป๋า
ชาย,วัยรุ่น ( 13 - 18 ปี ),ปีใหม่,เพื่อน,กระเป๋า
ชาย,วัยรุ่น ( 13 - 18 ปี ),ปีใหม่,เพื่อน,กระเป๋า
ชาย,วัยรุ่น ( 13 - 18 ปี ),ปีใหม่,เพื่อน,กระเป๋า
ชาย,วัยรุ่น ( 13 - 18 ปี ),ปีใหม่,เพื่อน,กระเป๋า
ชาย,วัยรุ่น ( 13 - 18 ปี ),ปีใหม่,เพื่อน,กระเป๋า
ชาย,วัยรุ่น ( 13 - 18 ปี ),ปีใหม่,เพื่อน,กระเป๋า
หญิง,วัยรุ่น ( 13 - 18 ปี ),ปีใหม่,เพื่อน,กระเป๋า
หญิง,วัยรุ่น ( 13 - 18 ปี ),ปีใหม่,เพื่อน,กระเป๋า
หญิง,วัยรุ่น ( 13 - 18 ปี ),ปีใหม่,เพื่อน,กระเป๋า
หญิง,วัยรุ่น ( 13 - 18 ปี ),ปีใหม่,เพื่อน,กระเป๋า
หญิง,วัยรุ่น ( 13 - 18 ปี ),ปีใหม่,เพื่อน,กระเป๋า
หญิง,วัยรุ่น ( 13 - 18 ปี ),ปีใหม่,เพื่อน,กระเป๋า
หญิง,วัยรุ่น ( 13 - 18 ปี ),ปีใหม่,เพื่อน,กระเป๋า
หญิง,วัยรุ่น ( 13 - 18 ปี ),ปีใหม่,เพื่อน,กระเป๋า
หญิง,วัยรุ่น ( 13 - 18 ปี ),ปีใหม่,เพื่อน,กระเป๋า
ชาย,วัยรุ่น ( 13 - 18 ปี ),ปีใหม่,เพื่อน,กระเป๋า
ชาย,วัยรุ่น ( 13 - 18 ปี ),ปีใหม่,เพื่อน,กระเป๋า
ชาย,วัยรุ่น ( 13 - 18 ปี ),ปีใหม่,เพื่อน,กระเป๋า
ชาย,วัยรุ่น ( 13 - 18 ปี ),ปีใหม่,เพื่อน,กระเป๋า
ชาย,วัยรุ่น ( 13 - 18 ปี ),ปีใหม่,เพื่อน,กระเป๋า
ชาย,วัยรุ่น ( 13 - 18 ปี ),ปีใหม่,เพื่อน,กระเป๋า
ชาย,วัยรุ่น ( 13 - 18 ปี ),ปีใหม่,เพื่อน,กระเป๋า
ชาย,วัยรุ่น ( 13 - 18 ปี ),ปีใหม่,เพื่อน,กระเป๋า
ชาย,วัยรุ่น ( 13 - 18 ปี ),ปีใหม่,เพื่อน,กระเป๋า
หญิง,วัยรุ่น ( 13 - 18 ปี ),ปีใหม่,เพื่อน,กระเป๋า
หญิง,วัยรุ่น ( 13 - 18 ปี ),ปีใหม่,เพื่อน,กระเป๋า
หญิง,วัยรุ่น ( 13 - 18 ปี ),ปีใหม่,เพื่อน,กระเป๋า
หญิง,วัยรุ่น ( 13 - 18 ปี ),ปีใหม่,เพื่อน,กระเป๋า
หญิง,วัยรุ่น ( 13 - 18 ปี ),ปีใหม่,เพื่อน,กระเป๋า
หญิง,วัยรุ่น ( 13 - 18 ปี ),ปีใหม่,เพื่อน,กระเป๋า
หญิง,วัยรุ่น ( 13 - 18 ปี ),ปีใหม่,เพื่อน,กระเป๋า
หญิง,วัยรุ่น ( 13 - 18 ปี ),ปีใหม่,เพื่อน,กระเป๋า
หญิง,วัยรุ่น ( 13 - 18 ปี ),ปีใหม่,เพื่อน,กระเป๋า
ชาย,ผู้ใหญ่ตอนต้น ( 19 - 35 ปี ),ปีใหม่,ครอบครัว,กระเป๋า
ชาย,ผู้ใหญ่ตอนต้น ( 19 - 35 ปี ),ปีใหม่,ครอบครัว,กระเป๋า
ชาย,ผู้ใหญ่ตอนต้น ( 19 - 35 ปี ),ปีใหม่,ครอบครัว,กระเป๋า
ชาย,ผู้ใหญ่ตอนต้น ( 19 - 35 ปี ),ปีใหม่,ครอบครัว,กระเป๋า
ชาย,ผู้ใหญ่ตอนต้น ( 19 - 35 ปี ),ปีใหม่,ครอบครัว,กระเป๋า
ชาย,ผู้ใหญ่ตอนต้น ( 19 - 35 ปี ),ปีใหม่,ครอบครัว,กระเป๋า
ชาย,ผู้ใหญ่ตอนต้น ( 19 - 35 ปี ),ปีใหม่,ครอบครัว,กระเป๋า
ชาย,ผู้ใหญ่ตอนต้น ( 19 - 35 ปี ),ปีใหม่,ครอบครัว,กระเป๋า
ชาย,ผู้ใหญ่ตอนต้น ( 19 - 35 ปี ),ปีใหม่,ครอบครัว,กระเป๋า
หญิง,ผู้ใหญ่ตอนต้น ( 19 - 35 ปี ),ปีใหม่,ครอบครัว,กระเป๋า
หญิง,ผู้ใหญ่ตอนต้น ( 19 - 35 ปี ),ปีใหม่,ครอบครัว,กระเป๋า
หญิง,ผู้ใหญ่ตอนต้น ( 19 - 35 ปี ),ปีใหม่,ครอบครัว,กระเป๋า
หญิง,ผู้ใหญ่ตอนต้น ( 19 - 35 ปี ),ปีใหม่,ครอบครัว,กระเป๋า
หญิง,ผู้ใหญ่ตอนต้น ( 19 - 35 ปี ),ปีใหม่,ครอบครัว,กระเป๋า
หญิง,ผู้ใหญ่ตอนต้น ( 19 - 35 ปี ),ปีใหม่,ครอบครัว,กระเป๋า
หญิง,ผู้ใหญ่ตอนต้น ( 19 - 35 ปี ),ปีใหม่,ครอบครัว,กระเป๋า
หญิง,ผู้ใหญ่ตอนต้น ( 19 - 35 ปี ),ปีใหม่,ครอบครัว,กระเป๋า
หญิง,ผู้ใหญ่ตอนต้น ( 19 - 35 ปี ),ปีใหม่,ครอบครัว,กระเป๋า
ชาย,ผู้ใหญ่ตอนต้น ( 19 - 35 ปี ),ปีใหม่,ครอบครัว,กระเป๋า
ชาย,ผู้ใหญ่ตอนต้น ( 19 - 35 ปี ),ปีใหม่,ครอบครัว,กระเป๋า
ชาย,ผู้ใหญ่ตอนต้น ( 19 - 35 ปี ),ปีใหม่,ครอบครัว,กระเป๋า
ชาย,ผู้ใหญ่ตอนต้น ( 19 - 35 ปี ),ปีใหม่,ครอบครัว,กระเป๋า
ชาย,ผู้ใหญ่ตอนต้น ( 19 - 35 ปี ),ปีใหม่,ครอบครัว,กระเป๋า
ชาย,ผู้ใหญ่ตอนต้น ( 19 - 35 ปี ),ปีใหม่,ครอบครัว,กระเป๋า
ชาย,ผู้ใหญ่ตอนต้น ( 19 - 35 ปี ),ปีใหม่,ครอบครัว,กระเป๋า
ชาย,ผู้ใหญ่ตอนต้น ( 19 - 35 ปี ),ปีใหม่,ครอบครัว,กระเป๋า
ชาย,ผู้ใหญ่ตอนต้น ( 19 - 35 ปี ),ปีใหม่,ครอบครัว,กระเป๋า
หญิง,ผู้ใหญ่ตอนต้น ( 19 - 35 ปี ),ปีใหม่,ครอบครัว,กระเป๋า
หญิง,ผู้ใหญ่ตอนต้น ( 19 - 35 ปี ),ปีใหม่,ครอบครัว,กระเป๋า
หญิง,ผู้ใหญ่ตอนต้น ( 19 - 35 ปี ),ปีใหม่,ครอบครัว,กระเป๋า
หญิง,ผู้ใหญ่ตอนต้น ( 19 - 35 ปี ),ปีใหม่,ครอบครัว,กระเป๋า
หญิง,ผู้ใหญ่ตอนต้น ( 19 - 35 ปี ),ปีใหม่,ครอบครัว,กระเป๋า
หญิง,ผู้ใหญ่ตอนต้น ( 19 - 35 ปี ),ปีใหม่,ครอบครัว,กระเป๋า
หญิง,ผู้ใหญ่ตอนต้น ( 19 - 35 ปี ),ปีใหม่,ครอบครัว,กระเป๋า
หญิง,ผู้ใหญ่ตอนต้น ( 19 - 35 ปี ),ปีใหม่,ครอบครัว,กระเป๋า
หญิง,ผู้ใหญ่ตอนต้น ( 19 - 35 ปี ),ปีใหม่,ครอบครัว,กระเป๋า
ชาย,วัยรุ่น ( 13 - 18 ปี ),ปีใหม่,เพื่อน,กระเป๋า
ชาย,วัยรุ่น ( 13 - 18 ปี ),ปีใหม่,เพื่อน,กระเป๋า
ชาย,วัยรุ่น ( 13 - 18 ปี ),ปีใหม่,เพื่อน,กระเป๋า
ชาย,วัยรุ่น ( 13 - 18 ปี ),ปีใหม่,เพื่อน,กระเป๋า
ชาย,วัยรุ่น ( 13 - 18 ปี ),ปีใหม่,เพื่อน,กระเป๋า
ชาย,วัยรุ่น ( 13 - 18 ปี ),ปีใหม่,เพื่อน,กระเป๋า
ชาย,วัยรุ่น ( 13 - 18 ปี ),ปีใหม่,เพื่อน,กระเป๋า
ชาย,วัยรุ่น ( 13 - 18 ปี ),ปีใหม่,เพื่อน,กระเป๋า
ชาย,วัยรุ่น ( 13 - 18 ปี ),ปีใหม่,เพื่อน,กระเป๋า
หญิง,วัยรุ่น ( 13 - 18 ปี ),ปีใหม่,เพื่อน,กระเป๋า
หญิง,วัยรุ่น ( 13 - 18 ปี ),ปีใหม่,เพื่อน,กระเป๋า
หญิง,วัยรุ่น ( 13 - 18 ปี ),ปีใหม่,เพื่อน,กระเป๋า
หญิง,วัยรุ่น ( 13 - 18 ปี ),ปีใหม่,เพื่อน,กระเป๋า
หญิง,วัยรุ่น ( 13 - 18 ปี ),ปีใหม่,เพื่อน,กระเป๋า
หญิง,วัยรุ่น ( 13 - 18 ปี ),ปีใหม่,เพื่อน,กระเป๋า
หญิง,วัยรุ่น ( 13 - 18 ปี ),ปีใหม่,เพื่อน,กระเป๋า
หญิง,วัยรุ่น ( 13 - 18 ปี ),ปีใหม่,เพื่อน,กระเป๋า
หญิง,วัยรุ่น ( 13 - 18 ปี ),ปีใหม่,เพื่อน,กระเป๋า
ชาย,วัยรุ่น ( 13 - 18 ปี ),ปีใหม่,เพื่อน,กระเป๋า
ชาย,วัยรุ่น ( 13 - 18 ปี ),ปีใหม่,เพื่อน,กระเป๋า
ชาย,วัยรุ่น ( 13 - 18 ปี ),ปีใหม่,เพื่อน,กระเป๋า
ชาย,วัยรุ่น ( 13 - 18 ปี ),ปีใหม่,เพื่อน,กระเป๋า
ชาย,วัยรุ่น ( 13 - 18 ปี ),ปีใหม่,เพื่อน,กระเป๋า
ชาย,วัยรุ่น ( 13 - 18 ปี ),ปีใหม่,เพื่อน,กระเป๋า
ชาย,วัยรุ่น ( 13 - 18 ปี ),ปีใหม่,เพื่อน,กระเป๋า
ชาย,วัยรุ่น ( 13 - 18 ปี ),ปีใหม่,เพื่อน,กระเป๋า
ชาย,วัยรุ่น ( 13 - 18 ปี ),ปีใหม่,เพื่อน,กระเป๋า
หญิง,วัยรุ่น ( 13 - 18 ปี ),ปีใหม่,เพื่อน,กระเป๋า
หญิง,วัยรุ่น ( 13 - 18 ปี ),ปีใหม่,เพื่อน,กระเป๋า
หญิง,วัยรุ่น ( 13 - 18 ปี ),ปีใหม่,เพื่อน,กระเป๋า
หญิง,วัยรุ่น ( 13 - 18 ปี ),ปีใหม่,เพื่อน,กระเป๋า
หญิง,วัยรุ่น ( 13 - 18 ปี ),ปีใหม่,เพื่อน,กระเป๋า
หญิง,วัยรุ่น ( 13 - 18 ปี ),ปีใหม่,เพื่อน,กระเป๋า
หญิง,วัยรุ่น ( 13 - 18 ปี ),ปีใหม่,เพื่อน,กระเป๋า
หญิง,วัยรุ่น ( 13 - 18 ปี ),ปีใหม่,เพื่อน,กระเป๋า
หญิง,วัยรุ่น ( 13 - 18 ปี ),ปีใหม่,เพื่อน,กระเป๋า
ชาย,วัยรุ่น ( 13 - 18 ปี ),ปีใหม่,เพื่อน,กระเป๋า
ชาย,วัยรุ่น ( 13 - 18 ปี ),ปีใหม่,เพื่อน,กระเป๋า
ชาย,วัยรุ่น ( 13 - 18 ปี ),ปีใหม่,เพื่อน,กระเป๋า
ชาย,วัยรุ่น ( 13 - 18 ปี ),ปีใหม่,เพื่อน,กระเป๋า
ชาย,วัยรุ่น ( 13 - 18 ปี ),ปีใหม่,เพื่อน,กระเป๋า
ชาย,วัยรุ่น ( 13 - 18 ปี ),ปีใหม่,เพื่อน,กระเป๋า
ชาย,วัยรุ่น ( 13 - 18 ปี ),ปีใหม่,เพื่อน,กระเป๋า
ชาย,วัยรุ่น ( 13 - 18 ปี ),ปีใหม่,เพื่อน,กระเป๋า
ชาย,วัยรุ่น ( 13 - 18 ปี ),ปีใหม่,เพื่อน,กระเป๋า
หญิง,วัยรุ่น ( 13 - 18 ปี ),ปีใหม่,เพื่อน,กระเป๋า
หญิง,วัยรุ่น ( 13 - 18 ปี ),ปีใหม่,เพื่อน,กระเป๋า
หญิง,วัยรุ่น ( 13 - 18 ปี ),ปีใหม่,เพื่อน,กระเป๋า
หญิง,วัยรุ่น ( 13 - 18 ปี ),ปีใหม่,เพื่อน,กระเป๋า
หญิง,วัยรุ่น ( 13 - 18 ปี ),ปีใหม่,เพื่อน,กระเป๋า
หญิง,วัยรุ่น ( 13 - 18 ปี ),ปีใหม่,เพื่อน,กระเป๋า
หญิง,วัยรุ่น ( 13 - 18 ปี ),ปีใหม่,เพื่อน,กระเป๋า
หญิง,วัยรุ่น ( 13 - 18 ปี ),ปีใหม่,เพื่อน,กระเป๋า
หญิง,วัยรุ่น ( 13 - 18 ปี ),ปีใหม่,เพื่อน,กระเป๋า
ชาย,ผู้ใหญ่ตอนต้น ( 19 - 35 ปี ),ปีใหม่,ครอบครัว,กระเป๋า
ชาย,ผู้ใหญ่ตอนต้น ( 19 - 35 ปี ),ปีใหม่,ครอบครัว,กระเป๋า
ชาย,ผู้ใหญ่ตอนต้น ( 19 - 35 ปี ),ปีใหม่,ครอบครัว,กระเป๋า
ชาย,ผู้ใหญ่ตอนต้น ( 19 - 35 ปี ),ปีใหม่,ครอบครัว,กระเป๋า
ชาย,ผู้ใหญ่ตอนต้น ( 19 - 35 ปี ),ปีใหม่,ครอบครัว,กระเป๋า
ชาย,ผู้ใหญ่ตอนต้น ( 19 - 35 ปี ),ปีใหม่,ครอบครัว,กระเป๋า
ชาย,ผู้ใหญ่ตอนต้น ( 19 - 35 ปี ),ปีใหม่,ครอบครัว,กระเป๋า
ชาย,ผู้ใหญ่ตอนต้น ( 19 - 35 ปี ),ปีใหม่,ครอบครัว,กระเป๋า
ชาย,ผู้ใหญ่ตอนต้น ( 19 - 35 ปี ),ปีใหม่,ครอบครัว,กระเป๋า
หญิง,ผู้ใหญ่ตอนต้น ( 19 - 35 ปี ),ปีใหม่,ครอบครัว,กระเป๋า
หญิง,ผู้ใหญ่ตอนต้น ( 19 - 35 ปี ),ปีใหม่,ครอบครัว,กระเป๋า
หญิง,ผู้ใหญ่ตอนต้น ( 19 - 35 ปี ),ปีใหม่,ครอบครัว,กระเป๋า
หญิง,ผู้ใหญ่ตอนต้น ( 19 - 35 ปี ),ปีใหม่,ครอบครัว,กระเป๋า
หญิง,ผู้ใหญ่ตอนต้น ( 19 - 35 ปี ),ปีใหม่,ครอบครัว,กระเป๋า
หญิง,ผู้ใหญ่ตอนต้น ( 19 - 35 ปี ),ปีใหม่,ครอบครัว,กระเป๋า
หญิง,ผู้ใหญ่ตอนต้น ( 19 - 35 ปี ),ปีใหม่,ครอบครัว,กระเป๋า
หญิง,ผู้ใหญ่ตอนต้น ( 19 - 35 ปี ),ปีใหม่,ครอบครัว,กระเป๋า
หญิง,ผู้ใหญ่ตอนต้น ( 19 - 35 ปี ),ปีใหม่,ครอบครัว,กระเป๋า
ชาย,ผู้ใหญ่ตอนต้น ( 19 - 35 ปี ),ปีใหม่,ครอบครัว,กระเป๋า
ชาย,ผู้ใหญ่ตอนต้น ( 19 - 35 ปี ),ปีใหม่,ครอบครัว,กระเป๋า
ชาย,ผู้ใหญ่ตอนต้น ( 19 - 35 ปี ),ปีใหม่,ครอบครัว,กระเป๋า
ชาย,ผู้ใหญ่ตอนต้น ( 19 - 35 ปี ),ปีใหม่,ครอบครัว,กระเป๋า
ชาย,ผู้ใหญ่ตอนต้น ( 19 - 35 ปี ),ปีใหม่,ครอบครัว,กระเป๋า
ชาย,ผู้ใหญ่ตอนต้น ( 19 - 35 ปี ),ปีใหม่,ครอบครัว,กระเป๋า
ชาย,ผู้ใหญ่ตอนต้น ( 19 - 35 ปี ),ปีใหม่,ครอบครัว,กระเป๋า
ชาย,ผู้ใหญ่ตอนต้น ( 19 - 35 ปี ),ปีใหม่,ครอบครัว,กระเป๋า
ชาย,ผู้ใหญ่ตอนต้น ( 19 - 35 ปี ),ปีใหม่,ครอบครัว,กระเป๋า
หญิง,ผู้ใหญ่ตอนต้น ( 19 - 35 ปี ),ปีใหม่,ครอบครัว,กระเป๋า
หญิง,ผู้ใหญ่ตอนต้น ( 19 - 35 ปี ),ปีใหม่,ครอบครัว,กระเป๋า
หญิง,ผู้ใหญ่ตอนต้น ( 19 - 35 ปี ),ปีใหม่,ครอบครัว,กระเป๋า
หญิง,ผู้ใหญ่ตอนต้น ( 19 - 35 ปี ),ปีใหม่,ครอบครัว,กระเป๋า
หญิง,ผู้ใหญ่ตอนต้น ( 19 - 35 ปี ),ปีใหม่,ครอบครัว,กระเป๋า
หญิง,ผู้ใหญ่ตอนต้น ( 19 - 35 ปี ),ปีใหม่,ครอบครัว,กระเป๋า
หญิง,ผู้ใหญ่ตอนต้น ( 19 - 35 ปี ),ปีใหม่,ครอบครัว,กระเป๋า
หญิง,ผู้ใหญ่ตอนต้น ( 19 - 35 ปี ),ปีใหม่,ครอบครัว,กระเป๋า
หญิง,ผู้ใหญ่ตอนต้น ( 19 - 35 ปี ),ปีใหม่,ครอบครัว,กระเป๋า
ชาย,วัยรุ่น ( 13 - 18 ปี ),ปีใหม่,เพื่อน,กระเป๋า
ชาย,วัยรุ่น ( 13 - 18 ปี ),ปีใหม่,เพื่อน,กระเป๋า
ชาย,วัยรุ่น ( 13 - 18 ปี ),ปีใหม่,เพื่อน,กระเป๋า
ชาย,วัยรุ่น ( 13 - 18 ปี ),ปีใหม่,เพื่อน,กระเป๋า
ชาย,วัยรุ่น ( 13 - 18 ปี ),ปีใหม่,เพื่อน,กระเป๋า
ชาย,วัยรุ่น ( 13 - 18 ปี ),ปีใหม่,เพื่อน,กระเป๋า
ชาย,วัยรุ่น ( 13 - 18 ปี ),ปีใหม่,เพื่อน,กระเป๋า
ชาย,วัยรุ่น ( 13 - 18 ปี ),ปีใหม่,เพื่อน,กระเป๋า
ชาย,วัยรุ่น ( 13 - 18 ปี ),ปีใหม่,เพื่อน,กระเป๋า
หญิง,วัยรุ่น ( 13 - 18 ปี ),ปีใหม่,เพื่อน,กระเป๋า
หญิง,วัยรุ่น ( 13 - 18 ปี ),ปีใหม่,เพื่อน,กระเป๋า
หญิง,วัยรุ่น ( 13 - 18 ปี ),ปีใหม่,เพื่อน,กระเป๋า
หญิง,วัยรุ่น ( 13 - 18 ปี ),ปีใหม่,เพื่อน,กระเป๋า
หญิง,วัยรุ่น ( 13 - 18 ปี ),ปีใหม่,เพื่อน,กระเป๋า
หญิง,วัยรุ่น ( 13 - 18 ปี ),ปีใหม่,เพื่อน,กระเป๋า
หญิง,วัยรุ่น ( 13 - 18 ปี ),ปีใหม่,เพื่อน,กระเป๋า
หญิง,วัยรุ่น ( 13 - 18 ปี ),ปีใหม่,เพื่อน,กระเป๋า
หญิง,วัยรุ่น ( 13 - 18 ปี ),ปีใหม่,เพื่อน,กระเป๋า
ชาย,วัยรุ่น ( 13 - 18 ปี ),ปีใหม่,เพื่อน,กระเป๋า
ชาย,วัยรุ่น ( 13 - 18 ปี ),ปีใหม่,เพื่อน,กระเป๋า
ชาย,วัยรุ่น ( 13 - 18 ปี ),ปีใหม่,เพื่อน,กระเป๋า
ชาย,วัยรุ่น ( 13 - 18 ปี ),ปีใหม่,เพื่อน,กระเป๋า
ชาย,วัยรุ่น ( 13 - 18 ปี ),ปีใหม่,เพื่อน,กระเป๋า
ชาย,วัยรุ่น ( 13 - 18 ปี ),ปีใหม่,เพื่อน,กระเป๋า
ชาย,วัยรุ่น ( 13 - 18 ปี ),ปีใหม่,เพื่อน,กระเป๋า
ชาย,วัยรุ่น ( 13 - 18 ปี ),ปีใหม่,เพื่อน,กระเป๋า
ชาย,วัยรุ่น ( 13 - 18 ปี ),ปีใหม่,เพื่อน,กระเป๋า
หญิง,วัยรุ่น ( 13 - 18 ปี ),ปีใหม่,เพื่อน,กระเป๋า
หญิง,วัยรุ่น ( 13 - 18 ปี ),ปีใหม่,เพื่อน,กระเป๋า
หญิง,วัยรุ่น ( 13 - 18 ปี ),ปีใหม่,เพื่อน,กระเป๋า
หญิง,วัยรุ่น ( 13 - 18 ปี ),ปีใหม่,เพื่อน,กระเป๋า
หญิง,วัยรุ่น ( 13 - 18 ปี ),ปีใหม่,เพื่อน,กระเป๋า
หญิง,วัยรุ่น ( 13 - 18 ปี ),ปีใหม่,เพื่อน,กระเป๋า
หญิง,วัยรุ่น ( 13 - 18 ปี ),ปีใหม่,เพื่อน,กระเป๋า
หญิง,วัยรุ่น ( 13 - 18 ปี ),ปีใหม่,เพื่อน,กระเป๋า
หญิง,วัยรุ่น ( 13 - 18 ปี ),ปีใหม่,เพื่อน,กระเป๋า
ชาย,วัยรุ่น ( 13 - 18 ปี ),ปีใหม่,เพื่อน,กระเป๋า
ชาย,วัยรุ่น ( 13 - 18 ปี ),ปีใหม่,เพื่อน,กระเป๋า
ชาย,วัยรุ่น ( 13 - 18 ปี ),ปีใหม่,เพื่อน,กระเป๋า
ชาย,วัยรุ่น ( 13 - 18 ปี ),ปีใหม่,เพื่อน,กระเป๋า
ชาย,วัยรุ่น ( 13 - 18 ปี ),ปีใหม่,เพื่อน,กระเป๋า
ชาย,วัยรุ่น ( 13 - 18 ปี ),ปีใหม่,เพื่อน,กระเป๋า
ชาย,วัยรุ่น ( 13 - 18 ปี ),ปีใหม่,เพื่อน,กระเป๋า
ชาย,วัยรุ่น ( 13 - 18 ปี ),ปีใหม่,เพื่อน,กระเป๋า
ชาย,วัยรุ่น ( 13 - 18 ปี ),ปีใหม่,เพื่อน,กระเป๋า
หญิง,วัยรุ่น ( 13 - 18 ปี ),ปีใหม่,เพื่อน,กระเป๋า
หญิง,วัยรุ่น ( 13 - 18 ปี ),ปีใหม่,เพื่อน,กระเป๋า
หญิง,วัยรุ่น ( 13 - 18 ปี ),ปีใหม่,เพื่อน,กระเป๋า
หญิง,วัยรุ่น ( 13 - 18 ปี ),ปีใหม่,เพื่อน,กระเป๋า
หญิง,วัยรุ่น ( 13 - 18 ปี ),ปีใหม่,เพื่อน,กระเป๋า
หญิง,วัยรุ่น ( 13 - 18 ปี ),ปีใหม่,เพื่อน,กระเป๋า
หญิง,วัยรุ่น ( 13 - 18 ปี ),ปีใหม่,เพื่อน,กระเป๋า
หญิง,วัยรุ่น ( 13 - 18 ปี ),ปีใหม่,เพื่อน,กระเป๋า
หญิง,วัยรุ่น ( 13 - 18 ปี ),ปีใหม่,เพื่อน,กระเป๋า
ชาย,ผู้ใหญ่ตอนต้น ( 19 - 35 ปี ),ปีใหม่,ครอบครัว,กระเป๋า
ชาย,ผู้ใหญ่ตอนต้น ( 19 - 35 ปี ),ปีใหม่,ครอบครัว,กระเป๋า
ชาย,ผู้ใหญ่ตอนต้น ( 19 - 35 ปี ),ปีใหม่,ครอบครัว,กระเป๋า
ชาย,ผู้ใหญ่ตอนต้น ( 19 - 35 ปี ),ปีใหม่,ครอบครัว,กระเป๋า
ชาย,ผู้ใหญ่ตอนต้น ( 19 - 35 ปี ),ปีใหม่,ครอบครัว,กระเป๋า
ชาย,ผู้ใหญ่ตอนต้น ( 19 - 35 ปี ),ปีใหม่,ครอบครัว,กระเป๋า
ชาย,ผู้ใหญ่ตอนต้น ( 19 - 35 ปี ),ปีใหม่,ครอบครัว,กระเป๋า
ชาย,ผู้ใหญ่ตอนต้น ( 19 - 35 ปี ),ปีใหม่,ครอบครัว,กระเป๋า
ชาย,ผู้ใหญ่ตอนต้น ( 19 - 35 ปี ),ปีใหม่,ครอบครัว,กระเป๋า
หญิง,ผู้ใหญ่ตอนต้น ( 19 - 35 ปี ),ปีใหม่,ครอบครัว,กระเป๋า
หญิง,ผู้ใหญ่ตอนต้น ( 19 - 35 ปี ),ปีใหม่,ครอบครัว,กระเป๋า
หญิง,ผู้ใหญ่ตอนต้น ( 19 - 35 ปี ),ปีใหม่,ครอบครัว,กระเป๋า
หญิง,ผู้ใหญ่ตอนต้น ( 19 - 35 ปี ),ปีใหม่,ครอบครัว,กระเป๋า
หญิง,ผู้ใหญ่ตอนต้น ( 19 - 35 ปี ),ปีใหม่,ครอบครัว,กระเป๋า
หญิง,ผู้ใหญ่ตอนต้น ( 19 - 35 ปี ),ปีใหม่,ครอบครัว,กระเป๋า
หญิง,ผู้ใหญ่ตอนต้น ( 19 - 35 ปี ),ปีใหม่,ครอบครัว,กระเป๋า
หญิง,ผู้ใหญ่ตอนต้น ( 19 - 35 ปี ),ปีใหม่,ครอบครัว,กระเป๋า
หญิง,ผู้ใหญ่ตอนต้น ( 19 - 35 ปี ),ปีใหม่,ครอบครัว,กระเป๋า
ชาย,ผู้ใหญ่ตอนต้น ( 19 - 35 ปี ),ปีใหม่,ครอบครัว,กระเป๋า
ชาย,ผู้ใหญ่ตอนต้น ( 19 - 35 ปี ),ปีใหม่,ครอบครัว,กระเป๋า
ชาย,ผู้ใหญ่ตอนต้น ( 19 - 35 ปี ),ปีใหม่,ครอบครัว,กระเป๋า
ชาย,ผู้ใหญ่ตอนต้น ( 19 - 35 ปี ),ปีใหม่,ครอบครัว,กระเป๋า
ชาย,ผู้ใหญ่ตอนต้น ( 19 - 35 ปี ),ปีใหม่,ครอบครัว,กระเป๋า
ชาย,ผู้ใหญ่ตอนต้น ( 19 - 35 ปี ),ปีใหม่,ครอบครัว,กระเป๋า
ชาย,ผู้ใหญ่ตอนต้น ( 19 - 35 ปี ),ปีใหม่,ครอบครัว,กระเป๋า
ชาย,ผู้ใหญ่ตอนต้น ( 19 - 35 ปี ),ปีใหม่,ครอบครัว,กระเป๋า
ชาย,ผู้ใหญ่ตอนต้น ( 19 - 35 ปี ),ปีใหม่,ครอบครัว,กระเป๋า
หญิง,ผู้ใหญ่ตอนต้น ( 19 - 35 ปี ),ปีใหม่,ครอบครัว,กระเป๋า
หญิง,ผู้ใหญ่ตอนต้น ( 19 - 35 ปี ),ปีใหม่,ครอบครัว,กระเป๋า
หญิง,ผู้ใหญ่ตอนต้น ( 19 - 35 ปี ),ปีใหม่,ครอบครัว,กระเป๋า
หญิง,ผู้ใหญ่ตอนต้น ( 19 - 35 ปี ),ปีใหม่,ครอบครัว,กระเป๋า
หญิง,ผู้ใหญ่ตอนต้น ( 19 - 35 ปี ),ปีใหม่,ครอบครัว,กระเป๋า
หญิง,ผู้ใหญ่ตอนต้น ( 19 - 35 ปี ),ปีใหม่,ครอบครัว,กระเป๋า
หญิง,ผู้ใหญ่ตอนต้น ( 19 - 35 ปี ),ปีใหม่,ครอบครัว,กระเป๋า
หญิง,ผู้ใหญ่ตอนต้น ( 19 - 35 ปี ),ปีใหม่,ครอบครัว,กระเป๋า
หญิง,ผู้ใหญ่ตอนต้น ( 19 - 35 ปี ),ปีใหม่,ครอบครัว,กระเป๋า
ชาย,วัยรุ่น ( 13 - 18 ปี ),ปีใหม่,เพื่อน,น้ำหอม
ชาย,วัยรุ่น ( 13 - 18 ปี ),ปีใหม่,เพื่อน,น้ำหอม
ชาย,วัยรุ่น ( 13 - 18 ปี ),ปีใหม่,เพื่อน,น้ำหอม
ชาย,วัยรุ่น ( 13 - 18 ปี ),ปีใหม่,เพื่อน,น้ำหอม
ชาย,วัยรุ่น ( 13 - 18 ปี ),ปีใหม่,เพื่อน,น้ำหอม
ชาย,วัยรุ่น ( 13 - 18 ปี ),ปีใหม่,เพื่อน,น้ำหอม
ชาย,วัยรุ่น ( 13 - 18 ปี ),ปีใหม่,เพื่อน,น้ำหอม
ชาย,วัยรุ่น ( 13 - 18 ปี ),ปีใหม่,เพื่อน,น้ำหอม
ชาย,วัยรุ่น ( 13 - 18 ปี ),ปีใหม่,เพื่อน,น้ำหอม
หญิง,วัยรุ่น ( 13 - 18 ปี ),ปีใหม่,เพื่อน,น้ำหอม
หญิง,วัยรุ่น ( 13 - 18 ปี ),ปีใหม่,เพื่อน,น้ำหอม
หญิง,วัยรุ่น ( 13 - 18 ปี ),ปีใหม่,เพื่อน,น้ำหอม
หญิง,วัยรุ่น ( 13 - 18 ปี ),ปีใหม่,เพื่อน,น้ำหอม
หญิง,วัยรุ่น ( 13 - 18 ปี ),ปีใหม่,เพื่อน,น้ำหอม
หญิง,วัยรุ่น ( 13 - 18 ปี ),ปีใหม่,เพื่อน,น้ำหอม
หญิง,วัยรุ่น ( 13 - 18 ปี ),ปีใหม่,เพื่อน,น้ำหอม
หญิง,วัยรุ่น ( 13 - 18 ปี ),ปีใหม่,เพื่อน,น้ำหอม
หญิง,วัยรุ่น ( 13 - 18 ปี ),ปีใหม่,เพื่อน,น้ำหอม
ชาย,วัยรุ่น ( 13 - 18 ปี ),ปีใหม่,เพื่อน,น้ำหอม
ชาย,วัยรุ่น ( 13 - 18 ปี ),ปีใหม่,เพื่อน,น้ำหอม
ชาย,วัยรุ่น ( 13 - 18 ปี ),ปีใหม่,เพื่อน,น้ำหอม
ชาย,วัยรุ่น ( 13 - 18 ปี ),ปีใหม่,เพื่อน,น้ำหอม
ชาย,วัยรุ่น ( 13 - 18 ปี ),ปีใหม่,เพื่อน,น้ำหอม
ชาย,วัยรุ่น ( 13 - 18 ปี ),ปีใหม่,เพื่อน,น้ำหอม
ชาย,วัยรุ่น ( 13 - 18 ปี ),ปีใหม่,เพื่อน,น้ำหอม
ชาย,วัยรุ่น ( 13 - 18 ปี ),ปีใหม่,เพื่อน,น้ำหอม
ชาย,วัยรุ่น ( 13 - 18 ปี ),ปีใหม่,เพื่อน,น้ำหอม
หญิง,วัยรุ่น ( 13 - 18 ปี ),ปีใหม่,เพื่อน,น้ำหอม
หญิง,วัยรุ่น ( 13 - 18 ปี ),ปีใหม่,เพื่อน,น้ำหอม
หญิง,วัยรุ่น ( 13 - 18 ปี ),ปีใหม่,เพื่อน,น้ำหอม
หญิง,วัยรุ่น ( 13 - 18 ปี ),ปีใหม่,เพื่อน,น้ำหอม
หญิง,วัยรุ่น ( 13 - 18 ปี ),ปีใหม่,เพื่อน,น้ำหอม
หญิง,วัยรุ่น ( 13 - 18 ปี ),ปีใหม่,เพื่อน,น้ำหอม
หญิง,วัยรุ่น ( 13 - 18 ปี ),ปีใหม่,เพื่อน,น้ำหอม
หญิง,วัยรุ่น ( 13 - 18 ปี ),ปีใหม่,เพื่อน,น้ำหอม
หญิง,วัยรุ่น ( 13 - 18 ปี ),ปีใหม่,เพื่อน,น้ำหอม
ชาย,วัยรุ่น ( 13 - 18 ปี ),ปีใหม่,เพื่อน,น้ำหอม
ชาย,วัยรุ่น ( 13 - 18 ปี ),ปีใหม่,เพื่อน,น้ำหอม
ชาย,วัยรุ่น ( 13 - 18 ปี ),ปีใหม่,เพื่อน,น้ำหอม
ชาย,วัยรุ่น ( 13 - 18 ปี ),ปีใหม่,เพื่อน,น้ำหอม
ชาย,วัยรุ่น ( 13 - 18 ปี ),ปีใหม่,เพื่อน,น้ำหอม
ชาย,วัยรุ่น ( 13 - 18 ปี ),ปีใหม่,เพื่อน,น้ำหอม
ชาย,วัยรุ่น ( 13 - 18 ปี ),ปีใหม่,เพื่อน,น้ำหอม
ชาย,วัยรุ่น ( 13 - 18 ปี ),ปีใหม่,เพื่อน,น้ำหอม
ชาย,วัยรุ่น ( 13 - 18 ปี ),ปีใหม่,เพื่อน,น้ำหอม
หญิง,วัยรุ่น ( 13 - 18 ปี ),ปีใหม่,เพื่อน,น้ำหอม
หญิง,วัยรุ่น ( 13 - 18 ปี ),ปีใหม่,เพื่อน,น้ำหอม
หญิง,วัยรุ่น ( 13 - 18 ปี ),ปีใหม่,เพื่อน,น้ำหอม
หญิง,วัยรุ่น ( 13 - 18 ปี ),ปีใหม่,เพื่อน,น้ำหอม
หญิง,วัยรุ่น ( 13 - 18 ปี ),ปีใหม่,เพื่อน,น้ำหอม
หญิง,วัยรุ่น ( 13 - 18 ปี ),ปีใหม่,เพื่อน,น้ำหอม
หญิง,วัยรุ่น ( 13 - 18 ปี ),ปีใหม่,เพื่อน,น้ำหอม
หญิง,วัยรุ่น ( 13 - 18 ปี ),ปีใหม่,เพื่อน,น้ำหอม
หญิง,วัยรุ่น ( 13 - 18 ปี ),ปีใหม่,เพื่อน,น้ำหอม
ชาย,ผู้ใหญ่ตอนต้น ( 19 - 35 ปี ),ปีใหม่,ครอบครัว,น้ำหอม
ชาย,ผู้ใหญ่ตอนต้น ( 19 - 35 ปี ),ปีใหม่,ครอบครัว,น้ำหอม
ชาย,ผู้ใหญ่ตอนต้น ( 19 - 35 ปี ),ปีใหม่,ครอบครัว,น้ำหอม
ชาย,ผู้ใหญ่ตอนต้น ( 19 - 35 ปี ),ปีใหม่,ครอบครัว,น้ำหอม
ชาย,ผู้ใหญ่ตอนต้น ( 19 - 35 ปี ),ปีใหม่,ครอบครัว,น้ำหอม
ชาย,ผู้ใหญ่ตอนต้น ( 19 - 35 ปี ),ปีใหม่,ครอบครัว,น้ำหอม
ชาย,ผู้ใหญ่ตอนต้น ( 19 - 35 ปี ),ปีใหม่,ครอบครัว,น้ำหอม
ชาย,ผู้ใหญ่ตอนต้น ( 19 - 35 ปี ),ปีใหม่,ครอบครัว,น้ำหอม
ชาย,ผู้ใหญ่ตอนต้น ( 19 - 35 ปี ),ปีใหม่,ครอบครัว,น้ำหอม
หญิง,ผู้ใหญ่ตอนต้น ( 19 - 35 ปี ),ปีใหม่,ครอบครัว,น้ำหอม
หญิง,ผู้ใหญ่ตอนต้น ( 19 - 35 ปี ),ปีใหม่,ครอบครัว,น้ำหอม
หญิง,ผู้ใหญ่ตอนต้น ( 19 - 35 ปี ),ปีใหม่,ครอบครัว,น้ำหอม
หญิง,ผู้ใหญ่ตอนต้น ( 19 - 35 ปี ),ปีใหม่,ครอบครัว,น้ำหอม
หญิง,ผู้ใหญ่ตอนต้น ( 19 - 35 ปี ),ปีใหม่,ครอบครัว,น้ำหอม
หญิง,ผู้ใหญ่ตอนต้น ( 19 - 35 ปี ),ปีใหม่,ครอบครัว,น้ำหอม
หญิง,ผู้ใหญ่ตอนต้น ( 19 - 35 ปี ),ปีใหม่,ครอบครัว,น้ำหอม
หญิง,ผู้ใหญ่ตอนต้น ( 19 - 35 ปี ),ปีใหม่,ครอบครัว,น้ำหอม
หญิง,ผู้ใหญ่ตอนต้น ( 19 - 35 ปี ),ปีใหม่,ครอบครัว,น้ำหอม
ชาย,ผู้ใหญ่ตอนต้น ( 19 - 35 ปี ),ปีใหม่,ครอบครัว,น้ำหอม
ชาย,ผู้ใหญ่ตอนต้น ( 19 - 35 ปี ),ปีใหม่,ครอบครัว,น้ำหอม
ชาย,ผู้ใหญ่ตอนต้น ( 19 - 35 ปี ),ปีใหม่,ครอบครัว,น้ำหอม
ชาย,ผู้ใหญ่ตอนต้น ( 19 - 35 ปี ),ปีใหม่,ครอบครัว,น้ำหอม
ชาย,ผู้ใหญ่ตอนต้น ( 19 - 35 ปี ),ปีใหม่,ครอบครัว,น้ำหอม
ชาย,ผู้ใหญ่ตอนต้น ( 19 - 35 ปี ),ปีใหม่,ครอบครัว,น้ำหอม
ชาย,ผู้ใหญ่ตอนต้น ( 19 - 35 ปี ),ปีใหม่,ครอบครัว,น้ำหอม
ชาย,ผู้ใหญ่ตอนต้น ( 19 - 35 ปี ),ปีใหม่,ครอบครัว,น้ำหอม
ชาย,ผู้ใหญ่ตอนต้น ( 19 - 35 ปี ),ปีใหม่,ครอบครัว,น้ำหอม
หญิง,ผู้ใหญ่ตอนต้น ( 19 - 35 ปี ),ปีใหม่,ครอบครัว,น้ำหอม
หญิง,ผู้ใหญ่ตอนต้น ( 19 - 35 ปี ),ปีใหม่,ครอบครัว,น้ำหอม
หญิง,ผู้ใหญ่ตอนต้น ( 19 - 35 ปี ),ปีใหม่,ครอบครัว,น้ำหอม
หญิง,ผู้ใหญ่ตอนต้น ( 19 - 35 ปี ),ปีใหม่,ครอบครัว,น้ำหอม
หญิง,ผู้ใหญ่ตอนต้น ( 19 - 35 ปี ),ปีใหม่,ครอบครัว,น้ำหอม
หญิง,ผู้ใหญ่ตอนต้น ( 19 - 35 ปี ),ปีใหม่,ครอบครัว,น้ำหอม
หญิง,ผู้ใหญ่ตอนต้น ( 19 - 35 ปี ),ปีใหม่,ครอบครัว,น้ำหอม
หญิง,ผู้ใหญ่ตอนต้น ( 19 - 35 ปี ),ปีใหม่,ครอบครัว,น้ำหอม
หญิง,ผู้ใหญ่ตอนต้น ( 19 - 35 ปี ),ปีใหม่,ครอบครัว,น้ำหอม
ชาย,วัยรุ่น ( 13 - 18 ปี ),ปีใหม่,เพื่อน,น้ำหอม
ชาย,วัยรุ่น ( 13 - 18 ปี ),ปีใหม่,เพื่อน,น้ำหอม
ชาย,วัยรุ่น ( 13 - 18 ปี ),ปีใหม่,เพื่อน,น้ำหอม
ชาย,วัยรุ่น ( 13 - 18 ปี ),ปีใหม่,เพื่อน,น้ำหอม
ชาย,วัยรุ่น ( 13 - 18 ปี ),ปีใหม่,เพื่อน,น้ำหอม
ชาย,วัยรุ่น ( 13 - 18 ปี ),ปีใหม่,เพื่อน,น้ำหอม
ชาย,วัยรุ่น ( 13 - 18 ปี ),ปีใหม่,เพื่อน,น้ำหอม
ชาย,วัยรุ่น ( 13 - 18 ปี ),ปีใหม่,เพื่อน,น้ำหอม
ชาย,วัยรุ่น ( 13 - 18 ปี ),ปีใหม่,เพื่อน,น้ำหอม
หญิง,วัยรุ่น ( 13 - 18 ปี ),ปีใหม่,เพื่อน,น้ำหอม
หญิง,วัยรุ่น ( 13 - 18 ปี ),ปีใหม่,เพื่อน,น้ำหอม
หญิง,วัยรุ่น ( 13 - 18 ปี ),ปีใหม่,เพื่อน,น้ำหอม
หญิง,วัยรุ่น ( 13 - 18 ปี ),ปีใหม่,เพื่อน,น้ำหอม
หญิง,วัยรุ่น ( 13 - 18 ปี ),ปีใหม่,เพื่อน,น้ำหอม
หญิง,วัยรุ่น ( 13 - 18 ปี ),ปีใหม่,เพื่อน,น้ำหอม
หญิง,วัยรุ่น ( 13 - 18 ปี ),ปีใหม่,เพื่อน,น้ำหอม
หญิง,วัยรุ่น ( 13 - 18 ปี ),ปีใหม่,เพื่อน,น้ำหอม
หญิง,วัยรุ่น ( 13 - 18 ปี ),ปีใหม่,เพื่อน,น้ำหอม
ชาย,วัยรุ่น ( 13 - 18 ปี ),ปีใหม่,เพื่อน,น้ำหอม
ชาย,วัยรุ่น ( 13 - 18 ปี ),ปีใหม่,เพื่อน,น้ำหอม
ชาย,วัยรุ่น ( 13 - 18 ปี ),ปีใหม่,เพื่อน,น้ำหอม
ชาย,วัยรุ่น ( 13 - 18 ปี ),ปีใหม่,เพื่อน,น้ำหอม
ชาย,วัยรุ่น ( 13 - 18 ปี ),ปีใหม่,เพื่อน,น้ำหอม
ชาย,วัยรุ่น ( 13 - 18 ปี ),ปีใหม่,เพื่อน,น้ำหอม
ชาย,วัยรุ่น ( 13 - 18 ปี ),ปีใหม่,เพื่อน,น้ำหอม
ชาย,วัยรุ่น ( 13 - 18 ปี ),ปีใหม่,เพื่อน,น้ำหอม
ชาย,วัยรุ่น ( 13 - 18 ปี ),ปีใหม่,เพื่อน,น้ำหอม
หญิง,วัยรุ่น ( 13 - 18 ปี ),ปีใหม่,เพื่อน,น้ำหอม
หญิง,วัยรุ่น ( 13 - 18 ปี ),ปีใหม่,เพื่อน,น้ำหอม
หญิง,วัยรุ่น ( 13 - 18 ปี ),ปีใหม่,เพื่อน,น้ำหอม
หญิง,วัยรุ่น ( 13 - 18 ปี ),ปีใหม่,เพื่อน,น้ำหอม
หญิง,วัยรุ่น ( 13 - 18 ปี ),ปีใหม่,เพื่อน,น้ำหอม
หญิง,วัยรุ่น ( 13 - 18 ปี ),ปีใหม่,เพื่อน,น้ำหอม
หญิง,วัยรุ่น ( 13 - 18 ปี ),ปีใหม่,เพื่อน,น้ำหอม
หญิง,วัยรุ่น ( 13 - 18 ปี ),ปีใหม่,เพื่อน,น้ำหอม
หญิง,วัยรุ่น ( 13 - 18 ปี ),ปีใหม่,เพื่อน,น้ำหอม
ชาย,วัยรุ่น ( 13 - 18 ปี ),ปีใหม่,เพื่อน,น้ำหอม
ชาย,วัยรุ่น ( 13 - 18 ปี ),ปีใหม่,เพื่อน,น้ำหอม
ชาย,วัยรุ่น ( 13 - 18 ปี ),ปีใหม่,เพื่อน,น้ำหอม
ชาย,วัยรุ่น ( 13 - 18 ปี ),ปีใหม่,เพื่อน,น้ำหอม
ชาย,วัยรุ่น ( 13 - 18 ปี ),ปีใหม่,เพื่อน,น้ำหอม
ชาย,วัยรุ่น ( 13 - 18 ปี ),ปีใหม่,เพื่อน,น้ำหอม
ชาย,วัยรุ่น ( 13 - 18 ปี ),ปีใหม่,เพื่อน,น้ำหอม
ชาย,วัยรุ่น ( 13 - 18 ปี ),ปีใหม่,เพื่อน,น้ำหอม
ชาย,วัยรุ่น ( 13 - 18 ปี ),ปีใหม่,เพื่อน,น้ำหอม
หญิง,วัยรุ่น ( 13 - 18 ปี ),ปีใหม่,เพื่อน,น้ำหอม
หญิง,วัยรุ่น ( 13 - 18 ปี ),ปีใหม่,เพื่อน,น้ำหอม
หญิง,วัยรุ่น ( 13 - 18 ปี ),ปีใหม่,เพื่อน,น้ำหอม
หญิง,วัยรุ่น ( 13 - 18 ปี ),ปีใหม่,เพื่อน,น้ำหอม
หญิง,วัยรุ่น ( 13 - 18 ปี ),ปีใหม่,เพื่อน,น้ำหอม
หญิง,วัยรุ่น ( 13 - 18 ปี ),ปีใหม่,เพื่อน,น้ำหอม
หญิง,วัยรุ่น ( 13 - 18 ปี ),ปีใหม่,เพื่อน,น้ำหอม
หญิง,วัยรุ่น ( 13 - 18 ปี ),ปีใหม่,เพื่อน,น้ำหอม
หญิง,วัยรุ่น ( 13 - 18 ปี ),ปีใหม่,เพื่อน,น้ำหอม
ชาย,ผู้ใหญ่ตอนต้น ( 19 - 35 ปี ),ปีใหม่,ครอบครัว,น้ำหอม
ชาย,ผู้ใหญ่ตอนต้น ( 19 - 35 ปี ),ปีใหม่,ครอบครัว,น้ำหอม
ชาย,ผู้ใหญ่ตอนต้น ( 19 - 35 ปี ),ปีใหม่,ครอบครัว,น้ำหอม
ชาย,ผู้ใหญ่ตอนต้น ( 19 - 35 ปี ),ปีใหม่,ครอบครัว,น้ำหอม
ชาย,ผู้ใหญ่ตอนต้น ( 19 - 35 ปี ),ปีใหม่,ครอบครัว,น้ำหอม
ชาย,ผู้ใหญ่ตอนต้น ( 19 - 35 ปี ),ปีใหม่,ครอบครัว,น้ำหอม
ชาย,ผู้ใหญ่ตอนต้น ( 19 - 35 ปี ),ปีใหม่,ครอบครัว,น้ำหอม
ชาย,ผู้ใหญ่ตอนต้น ( 19 - 35 ปี ),ปีใหม่,ครอบครัว,น้ำหอม
ชาย,ผู้ใหญ่ตอนต้น ( 19 - 35 ปี ),ปีใหม่,ครอบครัว,น้ำหอม
หญิง,ผู้ใหญ่ตอนต้น ( 19 - 35 ปี ),ปีใหม่,ครอบครัว,น้ำหอม
หญิง,ผู้ใหญ่ตอนต้น ( 19 - 35 ปี ),ปีใหม่,ครอบครัว,น้ำหอม
หญิง,ผู้ใหญ่ตอนต้น ( 19 - 35 ปี ),ปีใหม่,ครอบครัว,น้ำหอม
หญิง,ผู้ใหญ่ตอนต้น ( 19 - 35 ปี ),ปีใหม่,ครอบครัว,น้ำหอม
หญิง,ผู้ใหญ่ตอนต้น ( 19 - 35 ปี ),ปีใหม่,ครอบครัว,น้ำหอม
หญิง,ผู้ใหญ่ตอนต้น ( 19 - 35 ปี ),ปีใหม่,ครอบครัว,น้ำหอม
หญิง,ผู้ใหญ่ตอนต้น ( 19 - 35 ปี ),ปีใหม่,ครอบครัว,น้ำหอม
หญิง,ผู้ใหญ่ตอนต้น ( 19 - 35 ปี ),ปีใหม่,ครอบครัว,น้ำหอม
หญิง,ผู้ใหญ่ตอนต้น ( 19 - 35 ปี ),ปีใหม่,ครอบครัว,น้ำหอม
ชาย,ผู้ใหญ่ตอนต้น ( 19 - 35 ปี ),ปีใหม่,ครอบครัว,น้ำหอม
ชาย,ผู้ใหญ่ตอนต้น ( 19 - 35 ปี ),ปีใหม่,ครอบครัว,น้ำหอม
ชาย,ผู้ใหญ่ตอนต้น ( 19 - 35 ปี ),ปีใหม่,ครอบครัว,น้ำหอม
ชาย,ผู้ใหญ่ตอนต้น ( 19 - 35 ปี ),ปีใหม่,ครอบครัว,น้ำหอม
ชาย,ผู้ใหญ่ตอนต้น ( 19 - 35 ปี ),ปีใหม่,ครอบครัว,น้ำหอม
ชาย,ผู้ใหญ่ตอนต้น ( 19 - 35 ปี ),ปีใหม่,ครอบครัว,น้ำหอม
ชาย,ผู้ใหญ่ตอนต้น ( 19 - 35 ปี ),ปีใหม่,ครอบครัว,น้ำหอม
ชาย,ผู้ใหญ่ตอนต้น ( 19 - 35 ปี ),ปีใหม่,ครอบครัว,น้ำหอม
ชาย,ผู้ใหญ่ตอนต้น ( 19 - 35 ปี ),ปีใหม่,ครอบครัว,น้ำหอม
หญิง,ผู้ใหญ่ตอนต้น ( 19 - 35 ปี ),ปีใหม่,ครอบครัว,น้ำหอม
หญิง,ผู้ใหญ่ตอนต้น ( 19 - 35 ปี ),ปีใหม่,ครอบครัว,น้ำหอม
หญิง,ผู้ใหญ่ตอนต้น ( 19 - 35 ปี ),ปีใหม่,ครอบครัว,น้ำหอม
หญิง,ผู้ใหญ่ตอนต้น ( 19 - 35 ปี ),ปีใหม่,ครอบครัว,น้ำหอม
หญิง,ผู้ใหญ่ตอนต้น ( 19 - 35 ปี ),ปีใหม่,ครอบครัว,น้ำหอม
หญิง,ผู้ใหญ่ตอนต้น ( 19 - 35 ปี ),ปีใหม่,ครอบครัว,น้ำหอม
หญิง,ผู้ใหญ่ตอนต้น ( 19 - 35 ปี ),ปีใหม่,ครอบครัว,น้ำหอม
หญิง,ผู้ใหญ่ตอนต้น ( 19 - 35 ปี ),ปีใหม่,ครอบครัว,น้ำหอม
หญิง,ผู้ใหญ่ตอนต้น ( 19 - 35 ปี ),ปีใหม่,ครอบครัว,น้ำหอม
ชาย,วัยรุ่น ( 13 - 18 ปี ),ปีใหม่,เพื่อน,น้ำหอม
ชาย,วัยรุ่น ( 13 - 18 ปี ),ปีใหม่,เพื่อน,น้ำหอม
ชาย,วัยรุ่น ( 13 - 18 ปี ),ปีใหม่,เพื่อน,น้ำหอม
ชาย,วัยรุ่น ( 13 - 18 ปี ),ปีใหม่,เพื่อน,น้ำหอม
ชาย,วัยรุ่น ( 13 - 18 ปี ),ปีใหม่,เพื่อน,น้ำหอม
ชาย,วัยรุ่น ( 13 - 18 ปี ),ปีใหม่,เพื่อน,น้ำหอม
ชาย,วัยรุ่น ( 13 - 18 ปี ),ปีใหม่,เพื่อน,น้ำหอม
ชาย,วัยรุ่น ( 13 - 18 ปี ),ปีใหม่,เพื่อน,น้ำหอม
ชาย,วัยรุ่น ( 13 - 18 ปี ),ปีใหม่,เพื่อน,น้ำหอม
หญิง,วัยรุ่น ( 13 - 18 ปี ),ปีใหม่,เพื่อน,น้ำหอม
หญิง,วัยรุ่น ( 13 - 18 ปี ),ปีใหม่,เพื่อน,น้ำหอม
หญิง,วัยรุ่น ( 13 - 18 ปี ),ปีใหม่,เพื่อน,น้ำหอม
หญิง,วัยรุ่น ( 13 - 18 ปี ),ปีใหม่,เพื่อน,น้ำหอม
หญิง,วัยรุ่น ( 13 - 18 ปี ),ปีใหม่,เพื่อน,น้ำหอม
หญิง,วัยรุ่น ( 13 - 18 ปี ),ปีใหม่,เพื่อน,น้ำหอม
หญิง,วัยรุ่น ( 13 - 18 ปี ),ปีใหม่,เพื่อน,น้ำหอม
หญิง,วัยรุ่น ( 13 - 18 ปี ),ปีใหม่,เพื่อน,น้ำหอม
หญิง,วัยรุ่น ( 13 - 18 ปี ),ปีใหม่,เพื่อน,น้ำหอม
ชาย,วัยรุ่น ( 13 - 18 ปี ),ปีใหม่,เพื่อน,น้ำหอม
ชาย,วัยรุ่น ( 13 - 18 ปี ),ปีใหม่,เพื่อน,น้ำหอม
ชาย,วัยรุ่น ( 13 - 18 ปี ),ปีใหม่,เพื่อน,น้ำหอม
ชาย,วัยรุ่น ( 13 - 18 ปี ),ปีใหม่,เพื่อน,น้ำหอม
ชาย,วัยรุ่น ( 13 - 18 ปี ),ปีใหม่,เพื่อน,น้ำหอม
ชาย,วัยรุ่น ( 13 - 18 ปี ),ปีใหม่,เพื่อน,น้ำหอม
ชาย,วัยรุ่น ( 13 - 18 ปี ),ปีใหม่,เพื่อน,น้ำหอม
ชาย,วัยรุ่น ( 13 - 18 ปี ),ปีใหม่,เพื่อน,น้ำหอม
ชาย,วัยรุ่น ( 13 - 18 ปี ),ปีใหม่,เพื่อน,น้ำหอม
หญิง,วัยรุ่น ( 13 - 18 ปี ),ปีใหม่,เพื่อน,น้ำหอม
หญิง,วัยรุ่น ( 13 - 18 ปี ),ปีใหม่,เพื่อน,น้ำหอม
หญิง,วัยรุ่น ( 13 - 18 ปี ),ปีใหม่,เพื่อน,น้ำหอม
หญิง,วัยรุ่น ( 13 - 18 ปี ),ปีใหม่,เพื่อน,น้ำหอม
หญิง,วัยรุ่น ( 13 - 18 ปี ),ปีใหม่,เพื่อน,น้ำหอม
หญิง,วัยรุ่น ( 13 - 18 ปี ),ปีใหม่,เพื่อน,น้ำหอม
หญิง,วัยรุ่น ( 13 - 18 ปี ),ปีใหม่,เพื่อน,น้ำหอม
หญิง,วัยรุ่น ( 13 - 18 ปี ),ปีใหม่,เพื่อน,น้ำหอม
หญิง,วัยรุ่น ( 13 - 18 ปี ),ปีใหม่,เพื่อน,น้ำหอม
ชาย,วัยรุ่น ( 13 - 18 ปี ),ปีใหม่,เพื่อน,น้ำหอม
ชาย,วัยรุ่น ( 13 - 18 ปี ),ปีใหม่,เพื่อน,น้ำหอม
ชาย,วัยรุ่น ( 13 - 18 ปี ),ปีใหม่,เพื่อน,น้ำหอม
ชาย,วัยรุ่น ( 13 - 18 ปี ),ปีใหม่,เพื่อน,น้ำหอม
ชาย,วัยรุ่น ( 13 - 18 ปี ),ปีใหม่,เพื่อน,น้ำหอม
ชาย,วัยรุ่น ( 13 - 18 ปี ),ปีใหม่,เพื่อน,น้ำหอม
ชาย,วัยรุ่น ( 13 - 18 ปี ),ปีใหม่,เพื่อน,น้ำหอม
ชาย,วัยรุ่น ( 13 - 18 ปี ),ปีใหม่,เพื่อน,น้ำหอม
ชาย,วัยรุ่น ( 13 - 18 ปี ),ปีใหม่,เพื่อน,น้ำหอม
หญิง,วัยรุ่น ( 13 - 18 ปี ),ปีใหม่,เพื่อน,น้ำหอม
หญิง,วัยรุ่น ( 13 - 18 ปี ),ปีใหม่,เพื่อน,น้ำหอม
หญิง,วัยรุ่น ( 13 - 18 ปี ),ปีใหม่,เพื่อน,น้ำหอม
หญิง,วัยรุ่น ( 13 - 18 ปี ),ปีใหม่,เพื่อน,น้ำหอม
หญิง,วัยรุ่น ( 13 - 18 ปี ),ปีใหม่,เพื่อน,น้ำหอม
หญิง,วัยรุ่น ( 13 - 18 ปี ),ปีใหม่,เพื่อน,น้ำหอม
หญิง,วัยรุ่น ( 13 - 18 ปี ),ปีใหม่,เพื่อน,น้ำหอม
หญิง,วัยรุ่น ( 13 - 18 ปี ),ปีใหม่,เพื่อน,น้ำหอม
หญิง,วัยรุ่น ( 13 - 18 ปี ),ปีใหม่,เพื่อน,น้ำหอม
ชาย,ผู้ใหญ่ตอนต้น ( 19 - 35 ปี ),ปีใหม่,ครอบครัว,น้ำหอม
ชาย,ผู้ใหญ่ตอนต้น ( 19 - 35 ปี ),ปีใหม่,ครอบครัว,น้ำหอม
ชาย,ผู้ใหญ่ตอนต้น ( 19 - 35 ปี ),ปีใหม่,ครอบครัว,น้ำหอม
ชาย,ผู้ใหญ่ตอนต้น ( 19 - 35 ปี ),ปีใหม่,ครอบครัว,น้ำหอม
ชาย,ผู้ใหญ่ตอนต้น ( 19 - 35 ปี ),ปีใหม่,ครอบครัว,น้ำหอม
ชาย,ผู้ใหญ่ตอนต้น ( 19 - 35 ปี ),ปีใหม่,ครอบครัว,น้ำหอม
ชาย,ผู้ใหญ่ตอนต้น ( 19 - 35 ปี ),ปีใหม่,ครอบครัว,น้ำหอม
ชาย,ผู้ใหญ่ตอนต้น ( 19 - 35 ปี ),ปีใหม่,ครอบครัว,น้ำหอม
ชาย,ผู้ใหญ่ตอนต้น ( 19 - 35 ปี ),ปีใหม่,ครอบครัว,น้ำหอม
หญิง,ผู้ใหญ่ตอนต้น ( 19 - 35 ปี ),ปีใหม่,ครอบครัว,น้ำหอม
หญิง,ผู้ใหญ่ตอนต้น ( 19 - 35 ปี ),ปีใหม่,ครอบครัว,น้ำหอม
หญิง,ผู้ใหญ่ตอนต้น ( 19 - 35 ปี ),ปีใหม่,ครอบครัว,น้ำหอม
หญิง,ผู้ใหญ่ตอนต้น ( 19 - 35 ปี ),ปีใหม่,ครอบครัว,น้ำหอม
หญิง,ผู้ใหญ่ตอนต้น ( 19 - 35 ปี ),ปีใหม่,ครอบครัว,น้ำหอม
หญิง,ผู้ใหญ่ตอนต้น ( 19 - 35 ปี ),ปีใหม่,ครอบครัว,น้ำหอม
หญิง,ผู้ใหญ่ตอนต้น ( 19 - 35 ปี ),ปีใหม่,ครอบครัว,น้ำหอม
หญิง,ผู้ใหญ่ตอนต้น ( 19 - 35 ปี ),ปีใหม่,ครอบครัว,น้ำหอม
หญิง,ผู้ใหญ่ตอนต้น ( 19 - 35 ปี ),ปีใหม่,ครอบครัว,น้ำหอม
ชาย,ผู้ใหญ่ตอนต้น ( 19 - 35 ปี ),ปีใหม่,ครอบครัว,น้ำหอม
ชาย,ผู้ใหญ่ตอนต้น ( 19 - 35 ปี ),ปีใหม่,ครอบครัว,น้ำหอม
ชาย,ผู้ใหญ่ตอนต้น ( 19 - 35 ปี ),ปีใหม่,ครอบครัว,น้ำหอม
ชาย,ผู้ใหญ่ตอนต้น ( 19 - 35 ปี ),ปีใหม่,ครอบครัว,น้ำหอม
ชาย,ผู้ใหญ่ตอนต้น ( 19 - 35 ปี ),ปีใหม่,ครอบครัว,น้ำหอม
ชาย,ผู้ใหญ่ตอนต้น ( 19 - 35 ปี ),ปีใหม่,ครอบครัว,น้ำหอม
ชาย,ผู้ใหญ่ตอนต้น ( 19 - 35 ปี ),ปีใหม่,ครอบครัว,น้ำหอม
ชาย,ผู้ใหญ่ตอนต้น ( 19 - 35 ปี ),ปีใหม่,ครอบครัว,น้ำหอม
ชาย,ผู้ใหญ่ตอนต้น ( 19 - 35 ปี ),ปีใหม่,ครอบครัว,น้ำหอม
หญิง,ผู้ใหญ่ตอนต้น ( 19 - 35 ปี ),ปีใหม่,ครอบครัว,น้ำหอม
หญิง,ผู้ใหญ่ตอนต้น ( 19 - 35 ปี ),ปีใหม่,ครอบครัว,น้ำหอม
หญิง,ผู้ใหญ่ตอนต้น ( 19 - 35 ปี ),ปีใหม่,ครอบครัว,น้ำหอม
หญิง,ผู้ใหญ่ตอนต้น ( 19 - 35 ปี ),ปีใหม่,ครอบครัว,น้ำหอม
หญิง,ผู้ใหญ่ตอนต้น ( 19 - 35 ปี ),ปีใหม่,ครอบครัว,น้ำหอม
หญิง,ผู้ใหญ่ตอนต้น ( 19 - 35 ปี ),ปีใหม่,ครอบครัว,น้ำหอม
หญิง,ผู้ใหญ่ตอนต้น ( 19 - 35 ปี ),ปีใหม่,ครอบครัว,น้ำหอม
หญิง,ผู้ใหญ่ตอนต้น ( 19 - 35 ปี ),ปีใหม่,ครอบครัว,น้ำหอม
หญิง,ผู้ใหญ่ตอนต้น ( 19 - 35 ปี ),ปีใหม่,ครอบครัว,น้ำหอม
ชาย,วัยรุ่น ( 13 - 18 ปี ),ปีใหม่,เพื่อน,น้ำหอม
ชาย,วัยรุ่น ( 13 - 18 ปี ),ปีใหม่,เพื่อน,น้ำหอม
ชาย,วัยรุ่น ( 13 - 18 ปี ),ปีใหม่,เพื่อน,น้ำหอม
ชาย,วัยรุ่น ( 13 - 18 ปี ),ปีใหม่,เพื่อน,น้ำหอม
ชาย,วัยรุ่น ( 13 - 18 ปี ),ปีใหม่,เพื่อน,น้ำหอม
ชาย,วัยรุ่น ( 13 - 18 ปี ),ปีใหม่,เพื่อน,น้ำหอม
ชาย,วัยรุ่น ( 13 - 18 ปี ),ปีใหม่,เพื่อน,น้ำหอม
ชาย,วัยรุ่น ( 13 - 18 ปี ),ปีใหม่,เพื่อน,น้ำหอม
ชาย,วัยรุ่น ( 13 - 18 ปี ),ปีใหม่,เพื่อน,น้ำหอม
หญิง,วัยรุ่น ( 13 - 18 ปี ),ปีใหม่,เพื่อน,น้ำหอม
หญิง,วัยรุ่น ( 13 - 18 ปี ),ปีใหม่,เพื่อน,น้ำหอม
หญิง,วัยรุ่น ( 13 - 18 ปี ),ปีใหม่,เพื่อน,น้ำหอม
หญิง,วัยรุ่น ( 13 - 18 ปี ),ปีใหม่,เพื่อน,น้ำหอม
หญิง,วัยรุ่น ( 13 - 18 ปี ),ปีใหม่,เพื่อน,น้ำหอม
หญิง,วัยรุ่น ( 13 - 18 ปี ),ปีใหม่,เพื่อน,น้ำหอม
หญิง,วัยรุ่น ( 13 - 18 ปี ),ปีใหม่,เพื่อน,น้ำหอม
หญิง,วัยรุ่น ( 13 - 18 ปี ),ปีใหม่,เพื่อน,น้ำหอม
หญิง,วัยรุ่น ( 13 - 18 ปี ),ปีใหม่,เพื่อน,น้ำหอม
ชาย,วัยรุ่น ( 13 - 18 ปี ),ปีใหม่,เพื่อน,น้ำหอม
ชาย,วัยรุ่น ( 13 - 18 ปี ),ปีใหม่,เพื่อน,น้ำหอม
ชาย,วัยรุ่น ( 13 - 18 ปี ),ปีใหม่,เพื่อน,น้ำหอม
ชาย,วัยรุ่น ( 13 - 18 ปี ),ปีใหม่,เพื่อน,น้ำหอม
ชาย,วัยรุ่น ( 13 - 18 ปี ),ปีใหม่,เพื่อน,น้ำหอม
ชาย,วัยรุ่น ( 13 - 18 ปี ),ปีใหม่,เพื่อน,น้ำหอม
ชาย,วัยรุ่น ( 13 - 18 ปี ),ปีใหม่,เพื่อน,น้ำหอม
ชาย,วัยรุ่น ( 13 - 18 ปี ),ปีใหม่,เพื่อน,น้ำหอม
ชาย,วัยรุ่น ( 13 - 18 ปี ),ปีใหม่,เพื่อน,น้ำหอม
หญิง,วัยรุ่น ( 13 - 18 ปี ),ปีใหม่,เพื่อน,น้ำหอม
หญิง,วัยรุ่น ( 13 - 18 ปี ),ปีใหม่,เพื่อน,น้ำหอม
หญิง,วัยรุ่น ( 13 - 18 ปี ),ปีใหม่,เพื่อน,น้ำหอม
หญิง,วัยรุ่น ( 13 - 18 ปี ),ปีใหม่,เพื่อน,น้ำหอม
หญิง,วัยรุ่น ( 13 - 18 ปี ),ปีใหม่,เพื่อน,น้ำหอม
หญิง,วัยรุ่น ( 13 - 18 ปี ),ปีใหม่,เพื่อน,น้ำหอม
หญิง,วัยรุ่น ( 13 - 18 ปี ),ปีใหม่,เพื่อน,น้ำหอม
หญิง,วัยรุ่น ( 13 - 18 ปี ),ปีใหม่,เพื่อน,น้ำหอม
หญิง,วัยรุ่น ( 13 - 18 ปี ),ปีใหม่,เพื่อน,น้ำหอม
ชาย,วัยรุ่น ( 13 - 18 ปี ),ปีใหม่,เพื่อน,น้ำหอม
ชาย,วัยรุ่น ( 13 - 18 ปี ),ปีใหม่,เพื่อน,น้ำหอม
ชาย,วัยรุ่น ( 13 - 18 ปี ),ปีใหม่,เพื่อน,น้ำหอม
ชาย,วัยรุ่น ( 13 - 18 ปี ),ปีใหม่,เพื่อน,น้ำหอม
ชาย,วัยรุ่น ( 13 - 18 ปี ),ปีใหม่,เพื่อน,น้ำหอม
ชาย,วัยรุ่น ( 13 - 18 ปี ),ปีใหม่,เพื่อน,น้ำหอม
ชาย,วัยรุ่น ( 13 - 18 ปี ),ปีใหม่,เพื่อน,น้ำหอม
ชาย,วัยรุ่น ( 13 - 18 ปี ),ปีใหม่,เพื่อน,น้ำหอม
ชาย,วัยรุ่น ( 13 - 18 ปี ),ปีใหม่,เพื่อน,น้ำหอม
หญิง,วัยรุ่น ( 13 - 18 ปี ),ปีใหม่,เพื่อน,น้ำหอม
หญิง,วัยรุ่น ( 13 - 18 ปี ),ปีใหม่,เพื่อน,น้ำหอม
หญิง,วัยรุ่น ( 13 - 18 ปี ),ปีใหม่,เพื่อน,น้ำหอม
หญิง,วัยรุ่น ( 13 - 18 ปี ),ปีใหม่,เพื่อน,น้ำหอม
หญิง,วัยรุ่น ( 13 - 18 ปี ),ปีใหม่,เพื่อน,น้ำหอม
หญิง,วัยรุ่น ( 13 - 18 ปี ),ปีใหม่,เพื่อน,น้ำหอม
หญิง,วัยรุ่น ( 13 - 18 ปี ),ปีใหม่,เพื่อน,น้ำหอม
หญิง,วัยรุ่น ( 13 - 18 ปี ),ปีใหม่,เพื่อน,น้ำหอม
หญิง,วัยรุ่น ( 13 - 18 ปี ),ปีใหม่,เพื่อน,น้ำหอม
ชาย,ผู้ใหญ่ตอนต้น ( 19 - 35 ปี ),ปีใหม่,ครอบครัว,น้ำหอม
ชาย,ผู้ใหญ่ตอนต้น ( 19 - 35 ปี ),ปีใหม่,ครอบครัว,น้ำหอม
ชาย,ผู้ใหญ่ตอนต้น ( 19 - 35 ปี ),ปีใหม่,ครอบครัว,น้ำหอม
ชาย,ผู้ใหญ่ตอนต้น ( 19 - 35 ปี ),ปีใหม่,ครอบครัว,น้ำหอม
ชาย,ผู้ใหญ่ตอนต้น ( 19 - 35 ปี ),ปีใหม่,ครอบครัว,น้ำหอม
ชาย,ผู้ใหญ่ตอนต้น ( 19 - 35 ปี ),ปีใหม่,ครอบครัว,น้ำหอม
ชาย,ผู้ใหญ่ตอนต้น ( 19 - 35 ปี ),ปีใหม่,ครอบครัว,น้ำหอม
ชาย,ผู้ใหญ่ตอนต้น ( 19 - 35 ปี ),ปีใหม่,ครอบครัว,น้ำหอม
ชาย,ผู้ใหญ่ตอนต้น ( 19 - 35 ปี ),ปีใหม่,ครอบครัว,น้ำหอม
หญิง,ผู้ใหญ่ตอนต้น ( 19 - 35 ปี ),ปีใหม่,ครอบครัว,น้ำหอม
หญิง,ผู้ใหญ่ตอนต้น ( 19 - 35 ปี ),ปีใหม่,ครอบครัว,น้ำหอม
หญิง,ผู้ใหญ่ตอนต้น ( 19 - 35 ปี ),ปีใหม่,ครอบครัว,น้ำหอม
หญิง,ผู้ใหญ่ตอนต้น ( 19 - 35 ปี ),ปีใหม่,ครอบครัว,น้ำหอม
หญิง,ผู้ใหญ่ตอนต้น ( 19 - 35 ปี ),ปีใหม่,ครอบครัว,น้ำหอม
หญิง,ผู้ใหญ่ตอนต้น ( 19 - 35 ปี ),ปีใหม่,ครอบครัว,น้ำหอม
หญิง,ผู้ใหญ่ตอนต้น ( 19 - 35 ปี ),ปีใหม่,ครอบครัว,น้ำหอม
หญิง,ผู้ใหญ่ตอนต้น ( 19 - 35 ปี ),ปีใหม่,ครอบครัว,น้ำหอม
หญิง,ผู้ใหญ่ตอนต้น ( 19 - 35 ปี ),ปีใหม่,ครอบครัว,น้ำหอม
ชาย,ผู้ใหญ่ตอนต้น ( 19 - 35 ปี ),ปีใหม่,ครอบครัว,น้ำหอม
ชาย,ผู้ใหญ่ตอนต้น ( 19 - 35 ปี ),ปีใหม่,ครอบครัว,น้ำหอม
ชาย,ผู้ใหญ่ตอนต้น ( 19 - 35 ปี ),ปีใหม่,ครอบครัว,น้ำหอม
ชาย,ผู้ใหญ่ตอนต้น ( 19 - 35 ปี ),ปีใหม่,ครอบครัว,น้ำหอม
ชาย,ผู้ใหญ่ตอนต้น ( 19 - 35 ปี ),ปีใหม่,ครอบครัว,น้ำหอม
ชาย,ผู้ใหญ่ตอนต้น ( 19 - 35 ปี ),ปีใหม่,ครอบครัว,น้ำหอม
ชาย,ผู้ใหญ่ตอนต้น ( 19 - 35 ปี ),ปีใหม่,ครอบครัว,น้ำหอม
ชาย,ผู้ใหญ่ตอนต้น ( 19 - 35 ปี ),ปีใหม่,ครอบครัว,น้ำหอม
ชาย,ผู้ใหญ่ตอนต้น ( 19 - 35 ปี ),ปีใหม่,ครอบครัว,น้ำหอม
หญิง,ผู้ใหญ่ตอนต้น ( 19 - 35 ปี ),ปีใหม่,ครอบครัว,น้ำหอม
หญิง,ผู้ใหญ่ตอนต้น ( 19 - 35 ปี ),ปีใหม่,ครอบครัว,น้ำหอม
หญิง,ผู้ใหญ่ตอนต้น ( 19 - 35 ปี ),ปีใหม่,ครอบครัว,น้ำหอม
หญิง,ผู้ใหญ่ตอนต้น ( 19 - 35 ปี ),ปีใหม่,ครอบครัว,น้ำหอม
หญิง,ผู้ใหญ่ตอนต้น ( 19 - 35 ปี ),ปีใหม่,ครอบครัว,น้ำหอม
หญิง,ผู้ใหญ่ตอนต้น ( 19 - 35 ปี ),ปีใหม่,ครอบครัว,น้ำหอม
หญิง,ผู้ใหญ่ตอนต้น ( 19 - 35 ปี ),ปีใหม่,ครอบครัว,น้ำหอม
หญิง,ผู้ใหญ่ตอนต้น ( 19 - 35 ปี ),ปีใหม่,ครอบครัว,น้ำหอม
หญิง,ผู้ใหญ่ตอนต้น ( 19 - 35 ปี ),ปีใหม่,ครอบครัว,น้ำหอม
